event,flag,grp,dev_only,eval_only,both,z_eval_excess
pf_vol,dirtop_G6,sym,42,50,0,0.83
pf_vol,dirtop_G6,tight,8,9,0,0.24
pf_vol,dirtop_G10,sym,4,4,0,0.0
pf_vol,dirtop_G10,tight,0,0,0,0.0
pf_vol,dirtop_G16,sym,1,0,0,-1.0
pf_vol,dirtop_G16,tight,0,0,0,0.0
pf_vol,dirtop_G25,sym,0,0,0,0.0
pf_vol,dirtop_G25,tight,0,0,0,0.0
pf_vol,symtop_G3,sym,2,2,0,0.0
pf_vol,symtop_G3,tight,0,0,0,0.0
pf_vol,symtop_G6,sym,0,0,0,0.0
pf_vol,symtop_G6,tight,0,0,0,0.0
pf_vol,symtop_G10,sym,0,0,0,0.0
pf_vol,symtop_G10,tight,0,0,0,0.0
pf_vol,gmax_16,sym,1,0,0,-1.0
pf_vol,gmax_16,tight,0,0,0,0.0
pf_vol,gmax_25,sym,0,0,0,0.0
pf_vol,gmax_25,tight,0,0,0,0.0
pf_vol,gmax_40,sym,0,0,0,0.0
pf_vol,gmax_40,tight,0,0,0,0.0
pf_vol,deficit_10,sym,20,27,0,1.02
pf_vol,deficit_10,tight,8,3,0,-1.51
pf_vol,deficit_16,sym,0,1,0,1.0
pf_vol,deficit_16,tight,0,0,0,0.0
pf_vol,deficit_25,sym,0,0,0,0.0
pf_vol,deficit_25,tight,0,0,0,0.0
pf_raise,dirtop_G6,sym,105,83,0,-1.6
pf_raise,dirtop_G6,tight,23,20,0,-0.46
pf_raise,dirtop_G10,sym,8,6,0,-0.53
pf_raise,dirtop_G10,tight,2,2,0,0.0
pf_raise,dirtop_G16,sym,0,0,0,0.0
pf_raise,dirtop_G16,tight,0,0,0,0.0
pf_raise,dirtop_G25,sym,0,0,0,0.0
pf_raise,dirtop_G25,tight,0,0,0,0.0
pf_raise,symtop_G3,sym,2,3,0,0.45
pf_raise,symtop_G3,tight,0,0,0,0.0
pf_raise,symtop_G6,sym,0,0,0,0.0
pf_raise,symtop_G6,tight,0,0,0,0.0
pf_raise,symtop_G10,sym,0,0,0,0.0
pf_raise,symtop_G10,tight,0,0,0,0.0
pf_raise,gmax_16,sym,0,0,0,0.0
pf_raise,gmax_16,tight,0,0,0,0.0
pf_raise,gmax_25,sym,0,0,0,0.0
pf_raise,gmax_25,tight,0,0,0,0.0
pf_raise,gmax_40,sym,0,0,0,0.0
pf_raise,gmax_40,tight,0,0,0,0.0
pf_raise,deficit_10,sym,36,34,0,-0.24
pf_raise,deficit_10,tight,8,9,0,0.24
pf_raise,deficit_16,sym,1,1,0,0.0
pf_raise,deficit_16,tight,0,0,0,0.0
pf_raise,deficit_25,sym,0,0,0,0.0
pf_raise,deficit_25,tight,0,0,0,0.0
pf_allin,dirtop_G6,sym,184,175,0,-0.48
pf_allin,dirtop_G6,tight,40,26,0,-1.72
pf_allin,dirtop_G10,sym,33,39,0,0.71
pf_allin,dirtop_G10,tight,9,6,0,-0.77
pf_allin,dirtop_G16,sym,5,8,0,0.83
pf_allin,dirtop_G16,tight,1,3,0,1.0
pf_allin,dirtop_G25,sym,0,1,0,1.0
pf_allin,dirtop_G25,tight,0,0,0,0.0
pf_allin,symtop_G3,sym,16,23,0,1.12
pf_allin,symtop_G3,tight,5,4,0,-0.33
pf_allin,symtop_G6,sym,0,0,0,0.0
pf_allin,symtop_G6,tight,0,0,0,0.0
pf_allin,symtop_G10,sym,0,0,0,0.0
pf_allin,symtop_G10,tight,0,0,0,0.0
pf_allin,gmax_16,sym,5,8,0,0.83
pf_allin,gmax_16,tight,1,3,0,1.0
pf_allin,gmax_25,sym,0,1,0,1.0
pf_allin,gmax_25,tight,0,0,0,0.0
pf_allin,gmax_40,sym,0,0,0,0.0
pf_allin,gmax_40,tight,0,0,0,0.0
pf_allin,deficit_10,sym,0,0,0,0.0
pf_allin,deficit_10,tight,0,0,0,0.0
pf_allin,deficit_16,sym,0,0,0,0.0
pf_allin,deficit_16,tight,0,0,0,0.0
pf_allin,deficit_25,sym,0,0,0,0.0
pf_allin,deficit_25,tight,0,0,0,0.0
inf_fold_Ystrong,dirtop_G6,sym,0,0,0,0.0
inf_fold_Ystrong,dirtop_G6,tight,0,0,0,0.0
inf_fold_Ystrong,dirtop_G10,sym,0,0,0,0.0
inf_fold_Ystrong,dirtop_G10,tight,0,0,0,0.0
inf_fold_Ystrong,dirtop_G16,sym,0,0,0,0.0
inf_fold_Ystrong,dirtop_G16,tight,0,0,0,0.0
inf_fold_Ystrong,dirtop_G25,sym,0,0,0,0.0
inf_fold_Ystrong,dirtop_G25,tight,0,0,0,0.0
inf_fold_Ystrong,symtop_G3,sym,0,0,0,0.0
inf_fold_Ystrong,symtop_G3,tight,0,0,0,0.0
inf_fold_Ystrong,symtop_G6,sym,0,0,0,0.0
inf_fold_Ystrong,symtop_G6,tight,0,0,0,0.0
inf_fold_Ystrong,symtop_G10,sym,0,0,0,0.0
inf_fold_Ystrong,symtop_G10,tight,0,0,0,0.0
inf_fold_Ystrong,gmax_16,sym,0,0,0,0.0
inf_fold_Ystrong,gmax_16,tight,0,0,0,0.0
inf_fold_Ystrong,gmax_25,sym,0,0,0,0.0
inf_fold_Ystrong,gmax_25,tight,0,0,0,0.0
inf_fold_Ystrong,gmax_40,sym,0,0,0,0.0
inf_fold_Ystrong,gmax_40,tight,0,0,0,0.0
inf_fold_Ystrong,deficit_10,sym,3,5,0,0.71
inf_fold_Ystrong,deficit_10,tight,0,1,0,1.0
inf_fold_Ystrong,deficit_16,sym,0,0,0,0.0
inf_fold_Ystrong,deficit_16,tight,0,0,0,0.0
inf_fold_Ystrong,deficit_25,sym,0,0,0,0.0
inf_fold_Ystrong,deficit_25,tight,0,0,0,0.0
inf_fold_Yweak,dirtop_G6,sym,3,2,0,-0.45
inf_fold_Yweak,dirtop_G6,tight,1,0,0,-1.0
inf_fold_Yweak,dirtop_G10,sym,0,0,0,0.0
inf_fold_Yweak,dirtop_G10,tight,0,0,0,0.0
inf_fold_Yweak,dirtop_G16,sym,0,0,0,0.0
inf_fold_Yweak,dirtop_G16,tight,0,0,0,0.0
inf_fold_Yweak,dirtop_G25,sym,0,0,0,0.0
inf_fold_Yweak,dirtop_G25,tight,0,0,0,0.0
inf_fold_Yweak,symtop_G3,sym,0,0,0,0.0
inf_fold_Yweak,symtop_G3,tight,0,0,0,0.0
inf_fold_Yweak,symtop_G6,sym,0,0,0,0.0
inf_fold_Yweak,symtop_G6,tight,0,0,0,0.0
inf_fold_Yweak,symtop_G10,sym,0,0,0,0.0
inf_fold_Yweak,symtop_G10,tight,0,0,0,0.0
inf_fold_Yweak,gmax_16,sym,0,0,0,0.0
inf_fold_Yweak,gmax_16,tight,0,0,0,0.0
inf_fold_Yweak,gmax_25,sym,0,0,0,0.0
inf_fold_Yweak,gmax_25,tight,0,0,0,0.0
inf_fold_Yweak,gmax_40,sym,0,0,0,0.0
inf_fold_Yweak,gmax_40,tight,0,0,0,0.0
inf_fold_Yweak,deficit_10,sym,3,4,0,0.38
inf_fold_Yweak,deficit_10,tight,0,2,0,1.41
inf_fold_Yweak,deficit_16,sym,0,0,0,0.0
inf_fold_Yweak,deficit_16,tight,0,0,0,0.0
inf_fold_Yweak,deficit_25,sym,0,0,0,0.0
inf_fold_Yweak,deficit_25,tight,0,0,0,0.0
inf_raise_Ystrong,dirtop_G6,sym,205,215,2,0.49
inf_raise_Ystrong,dirtop_G6,tight,40,36,1,-0.46
inf_raise_Ystrong,dirtop_G10,sym,10,16,0,1.18
inf_raise_Ystrong,dirtop_G10,tight,0,7,0,2.65
inf_raise_Ystrong,dirtop_G16,sym,0,0,0,0.0
inf_raise_Ystrong,dirtop_G16,tight,0,0,0,0.0
inf_raise_Ystrong,dirtop_G25,sym,0,0,0,0.0
inf_raise_Ystrong,dirtop_G25,tight,0,0,0,0.0
inf_raise_Ystrong,symtop_G3,sym,10,18,0,1.51
inf_raise_Ystrong,symtop_G3,tight,1,3,0,1.0
inf_raise_Ystrong,symtop_G6,sym,0,0,0,0.0
inf_raise_Ystrong,symtop_G6,tight,0,0,0,0.0
inf_raise_Ystrong,symtop_G10,sym,0,0,0,0.0
inf_raise_Ystrong,symtop_G10,tight,0,0,0,0.0
inf_raise_Ystrong,gmax_16,sym,0,0,0,0.0
inf_raise_Ystrong,gmax_16,tight,0,0,0,0.0
inf_raise_Ystrong,gmax_25,sym,0,0,0,0.0
inf_raise_Ystrong,gmax_25,tight,0,0,0,0.0
inf_raise_Ystrong,gmax_40,sym,0,0,0,0.0
inf_raise_Ystrong,gmax_40,tight,0,0,0,0.0
inf_raise_Ystrong,deficit_10,sym,7,12,0,1.15
inf_raise_Ystrong,deficit_10,tight,0,0,0,0.0
inf_raise_Ystrong,deficit_16,sym,0,0,0,0.0
inf_raise_Ystrong,deficit_16,tight,0,0,0,0.0
inf_raise_Ystrong,deficit_25,sym,0,0,0,0.0
inf_raise_Ystrong,deficit_25,tight,0,0,0,0.0
inf_raise_Yweak,dirtop_G6,sym,181,192,1,0.57
inf_raise_Yweak,dirtop_G6,tight,38,33,0,-0.59
inf_raise_Yweak,dirtop_G10,sym,11,8,0,-0.69
inf_raise_Yweak,dirtop_G10,tight,1,0,0,-1.0
inf_raise_Yweak,dirtop_G16,sym,0,1,0,1.0
inf_raise_Yweak,dirtop_G16,tight,0,0,0,0.0
inf_raise_Yweak,dirtop_G25,sym,0,0,0,0.0
inf_raise_Yweak,dirtop_G25,tight,0,0,0,0.0
inf_raise_Yweak,symtop_G3,sym,8,8,0,0.0
inf_raise_Yweak,symtop_G3,tight,1,2,0,0.58
inf_raise_Yweak,symtop_G6,sym,1,0,0,-1.0
inf_raise_Yweak,symtop_G6,tight,0,0,0,0.0
inf_raise_Yweak,symtop_G10,sym,0,0,0,0.0
inf_raise_Yweak,symtop_G10,tight,0,0,0,0.0
inf_raise_Yweak,gmax_16,sym,0,1,0,1.0
inf_raise_Yweak,gmax_16,tight,0,0,0,0.0
inf_raise_Yweak,gmax_25,sym,0,0,0,0.0
inf_raise_Yweak,gmax_25,tight,0,0,0,0.0
inf_raise_Yweak,gmax_40,sym,0,0,0,0.0
inf_raise_Yweak,gmax_40,tight,0,0,0,0.0
inf_raise_Yweak,deficit_10,sym,78,72,2,-0.49
inf_raise_Yweak,deficit_10,tight,15,13,0,-0.38
inf_raise_Yweak,deficit_16,sym,2,0,0,-1.41
inf_raise_Yweak,deficit_16,tight,0,0,0,0.0
inf_raise_Yweak,deficit_25,sym,0,0,0,0.0
inf_raise_Yweak,deficit_25,tight,0,0,0,0.0
bhp_fold_Ybetter,dirtop_G6,sym,1,2,0,0.58
bhp_fold_Ybetter,dirtop_G6,tight,1,1,0,0.0
bhp_fold_Ybetter,dirtop_G10,sym,0,0,0,0.0
bhp_fold_Ybetter,dirtop_G10,tight,0,0,0,0.0
bhp_fold_Ybetter,dirtop_G16,sym,0,0,0,0.0
bhp_fold_Ybetter,dirtop_G16,tight,0,0,0,0.0
bhp_fold_Ybetter,dirtop_G25,sym,0,0,0,0.0
bhp_fold_Ybetter,dirtop_G25,tight,0,0,0,0.0
bhp_fold_Ybetter,symtop_G3,sym,0,0,0,0.0
bhp_fold_Ybetter,symtop_G3,tight,0,0,0,0.0
bhp_fold_Ybetter,symtop_G6,sym,0,0,0,0.0
bhp_fold_Ybetter,symtop_G6,tight,0,0,0,0.0
bhp_fold_Ybetter,symtop_G10,sym,0,0,0,0.0
bhp_fold_Ybetter,symtop_G10,tight,0,0,0,0.0
bhp_fold_Ybetter,gmax_16,sym,0,0,0,0.0
bhp_fold_Ybetter,gmax_16,tight,0,0,0,0.0
bhp_fold_Ybetter,gmax_25,sym,0,0,0,0.0
bhp_fold_Ybetter,gmax_25,tight,0,0,0,0.0
bhp_fold_Ybetter,gmax_40,sym,0,0,0,0.0
bhp_fold_Ybetter,gmax_40,tight,0,0,0,0.0
bhp_fold_Ybetter,deficit_10,sym,2,2,0,0.0
bhp_fold_Ybetter,deficit_10,tight,0,0,0,0.0
bhp_fold_Ybetter,deficit_16,sym,0,0,0,0.0
bhp_fold_Ybetter,deficit_16,tight,0,0,0,0.0
bhp_fold_Ybetter,deficit_25,sym,0,0,0,0.0
bhp_fold_Ybetter,deficit_25,tight,0,0,0,0.0
bhp_fold_Yworse,dirtop_G6,sym,31,36,0,0.61
bhp_fold_Yworse,dirtop_G6,tight,8,6,0,-0.53
bhp_fold_Yworse,dirtop_G10,sym,1,1,0,0.0
bhp_fold_Yworse,dirtop_G10,tight,0,0,0,0.0
bhp_fold_Yworse,dirtop_G16,sym,0,0,0,0.0
bhp_fold_Yworse,dirtop_G16,tight,0,0,0,0.0
bhp_fold_Yworse,dirtop_G25,sym,0,0,0,0.0
bhp_fold_Yworse,dirtop_G25,tight,0,0,0,0.0
bhp_fold_Yworse,symtop_G3,sym,5,2,0,-1.13
bhp_fold_Yworse,symtop_G3,tight,0,1,0,1.0
bhp_fold_Yworse,symtop_G6,sym,0,0,0,0.0
bhp_fold_Yworse,symtop_G6,tight,0,0,0,0.0
bhp_fold_Yworse,symtop_G10,sym,0,0,0,0.0
bhp_fold_Yworse,symtop_G10,tight,0,0,0,0.0
bhp_fold_Yworse,gmax_16,sym,0,0,0,0.0
bhp_fold_Yworse,gmax_16,tight,0,0,0,0.0
bhp_fold_Yworse,gmax_25,sym,0,0,0,0.0
bhp_fold_Yworse,gmax_25,tight,0,0,0,0.0
bhp_fold_Yworse,gmax_40,sym,0,0,0,0.0
bhp_fold_Yworse,gmax_40,tight,0,0,0,0.0
bhp_fold_Yworse,deficit_10,sym,16,17,0,0.17
bhp_fold_Yworse,deficit_10,tight,3,2,0,-0.45
bhp_fold_Yworse,deficit_16,sym,1,0,0,-1.0
bhp_fold_Yworse,deficit_16,tight,0,0,0,0.0
bhp_fold_Yworse,deficit_25,sym,0,0,0,0.0
bhp_fold_Yworse,deficit_25,tight,0,0,0,0.0
pf_enter_afterY,dirtop_G6,sym,98,93,0,-0.36
pf_enter_afterY,dirtop_G6,tight,24,19,0,-0.76
pf_enter_afterY,dirtop_G10,sym,6,3,0,-1.0
pf_enter_afterY,dirtop_G10,tight,0,1,0,1.0
pf_enter_afterY,dirtop_G16,sym,0,0,0,0.0
pf_enter_afterY,dirtop_G16,tight,0,0,0,0.0
pf_enter_afterY,dirtop_G25,sym,0,0,0,0.0
pf_enter_afterY,dirtop_G25,tight,0,0,0,0.0
pf_enter_afterY,symtop_G3,sym,1,6,0,1.89
pf_enter_afterY,symtop_G3,tight,0,2,0,1.41
pf_enter_afterY,symtop_G6,sym,0,1,0,1.0
pf_enter_afterY,symtop_G6,tight,0,0,0,0.0
pf_enter_afterY,symtop_G10,sym,0,0,0,0.0
pf_enter_afterY,symtop_G10,tight,0,0,0,0.0
pf_enter_afterY,gmax_16,sym,0,0,0,0.0
pf_enter_afterY,gmax_16,tight,0,0,0,0.0
pf_enter_afterY,gmax_25,sym,0,0,0,0.0
pf_enter_afterY,gmax_25,tight,0,0,0,0.0
pf_enter_afterY,gmax_40,sym,0,0,0,0.0
pf_enter_afterY,gmax_40,tight,0,0,0,0.0
pf_enter_afterY,deficit_10,sym,39,46,0,0.76
pf_enter_afterY,deficit_10,tight,3,7,0,1.26
pf_enter_afterY,deficit_16,sym,0,0,0,0.0
pf_enter_afterY,deficit_16,tight,0,0,0,0.0
pf_enter_afterY,deficit_25,sym,0,0,0,0.0
pf_enter_afterY,deficit_25,tight,0,0,0,0.0
pf_limpbehind,dirtop_G6,sym,205,204,0,-0.05
pf_limpbehind,dirtop_G6,tight,39,36,0,-0.35
pf_limpbehind,dirtop_G10,sym,18,20,0,0.32
pf_limpbehind,dirtop_G10,tight,2,3,0,0.45
pf_limpbehind,dirtop_G16,sym,1,2,0,0.58
pf_limpbehind,dirtop_G16,tight,0,0,0,0.0
pf_limpbehind,dirtop_G25,sym,0,0,0,0.0
pf_limpbehind,dirtop_G25,tight,0,0,0,0.0
pf_limpbehind,symtop_G3,sym,23,8,0,-2.69
pf_limpbehind,symtop_G3,tight,5,2,0,-1.13
pf_limpbehind,symtop_G6,sym,2,1,0,-0.58
pf_limpbehind,symtop_G6,tight,0,0,0,0.0
pf_limpbehind,symtop_G10,sym,0,0,0,0.0
pf_limpbehind,symtop_G10,tight,0,0,0,0.0
pf_limpbehind,gmax_16,sym,1,2,0,0.58
pf_limpbehind,gmax_16,tight,0,0,0,0.0
pf_limpbehind,gmax_25,sym,0,0,0,0.0
pf_limpbehind,gmax_25,tight,0,0,0,0.0
pf_limpbehind,gmax_40,sym,0,0,0,0.0
pf_limpbehind,gmax_40,tight,0,0,0,0.0
pf_limpbehind,deficit_10,sym,0,3,0,1.73
pf_limpbehind,deficit_10,tight,0,0,0,0.0
pf_limpbehind,deficit_16,sym,0,0,0,0.0
pf_limpbehind,deficit_16,tight,0,0,0,0.0
pf_limpbehind,deficit_25,sym,0,0,0,0.0
pf_limpbehind,deficit_25,tight,0,0,0,0.0
pf_iso_overY,dirtop_G6,sym,33,24,0,-1.19
pf_iso_overY,dirtop_G6,tight,9,1,0,-2.53
pf_iso_overY,dirtop_G10,sym,0,3,0,1.73
pf_iso_overY,dirtop_G10,tight,0,1,0,1.0
pf_iso_overY,dirtop_G16,sym,0,0,0,0.0
pf_iso_overY,dirtop_G16,tight,0,0,0,0.0
pf_iso_overY,dirtop_G25,sym,0,0,0,0.0
pf_iso_overY,dirtop_G25,tight,0,0,0,0.0
pf_iso_overY,symtop_G3,sym,3,4,0,0.38
pf_iso_overY,symtop_G3,tight,1,1,0,0.0
pf_iso_overY,symtop_G6,sym,0,0,0,0.0
pf_iso_overY,symtop_G6,tight,0,0,0,0.0
pf_iso_overY,symtop_G10,sym,0,0,0,0.0
pf_iso_overY,symtop_G10,tight,0,0,0,0.0
pf_iso_overY,gmax_16,sym,0,0,0,0.0
pf_iso_overY,gmax_16,tight,0,0,0,0.0
pf_iso_overY,gmax_25,sym,0,0,0,0.0
pf_iso_overY,gmax_25,tight,0,0,0,0.0
pf_iso_overY,gmax_40,sym,0,0,0,0.0
pf_iso_overY,gmax_40,tight,0,0,0,0.0
pf_iso_overY,deficit_10,sym,6,5,0,-0.3
pf_iso_overY,deficit_10,tight,1,1,0,0.0
pf_iso_overY,deficit_16,sym,0,0,0,0.0
pf_iso_overY,deficit_16,tight,0,0,0,0.0
pf_iso_overY,deficit_25,sym,0,0,0,0.0
pf_iso_overY,deficit_25,tight,0,0,0,0.0
pf_overcall_3rd_Yin,dirtop_G6,sym,162,139,0,-1.33
pf_overcall_3rd_Yin,dirtop_G6,tight,22,24,0,0.29
pf_overcall_3rd_Yin,dirtop_G10,sym,10,7,0,-0.73
pf_overcall_3rd_Yin,dirtop_G10,tight,1,1,0,0.0
pf_overcall_3rd_Yin,dirtop_G16,sym,0,0,0,0.0
pf_overcall_3rd_Yin,dirtop_G16,tight,0,0,0,0.0
pf_overcall_3rd_Yin,dirtop_G25,sym,0,0,0,0.0
pf_overcall_3rd_Yin,dirtop_G25,tight,0,0,0,0.0
pf_overcall_3rd_Yin,symtop_G3,sym,26,24,0,-0.28
pf_overcall_3rd_Yin,symtop_G3,tight,5,4,0,-0.33
pf_overcall_3rd_Yin,symtop_G6,sym,0,1,0,1.0
pf_overcall_3rd_Yin,symtop_G6,tight,0,0,0,0.0
pf_overcall_3rd_Yin,symtop_G10,sym,0,0,0,0.0
pf_overcall_3rd_Yin,symtop_G10,tight,0,0,0,0.0
pf_overcall_3rd_Yin,gmax_16,sym,0,0,0,0.0
pf_overcall_3rd_Yin,gmax_16,tight,0,0,0,0.0
pf_overcall_3rd_Yin,gmax_25,sym,0,0,0,0.0
pf_overcall_3rd_Yin,gmax_25,tight,0,0,0,0.0
pf_overcall_3rd_Yin,gmax_40,sym,0,0,0,0.0
pf_overcall_3rd_Yin,gmax_40,tight,0,0,0,0.0
pf_overcall_3rd_Yin,deficit_10,sym,3,5,0,0.71
pf_overcall_3rd_Yin,deficit_10,tight,0,0,0,0.0
pf_overcall_3rd_Yin,deficit_16,sym,0,0,0,0.0
pf_overcall_3rd_Yin,deficit_16,tight,0,0,0,0.0
pf_overcall_3rd_Yin,deficit_25,sym,0,0,0,0.0
pf_overcall_3rd_Yin,deficit_25,tight,0,0,0,0.0
pf_fold_3rd_Yin,dirtop_G6,sym,0,1,0,1.0
pf_fold_3rd_Yin,dirtop_G6,tight,0,0,0,0.0
pf_fold_3rd_Yin,dirtop_G10,sym,0,0,0,0.0
pf_fold_3rd_Yin,dirtop_G10,tight,0,0,0,0.0
pf_fold_3rd_Yin,dirtop_G16,sym,0,0,0,0.0
pf_fold_3rd_Yin,dirtop_G16,tight,0,0,0,0.0
pf_fold_3rd_Yin,dirtop_G25,sym,0,0,0,0.0
pf_fold_3rd_Yin,dirtop_G25,tight,0,0,0,0.0
pf_fold_3rd_Yin,symtop_G3,sym,0,0,0,0.0
pf_fold_3rd_Yin,symtop_G3,tight,0,0,0,0.0
pf_fold_3rd_Yin,symtop_G6,sym,0,0,0,0.0
pf_fold_3rd_Yin,symtop_G6,tight,0,0,0,0.0
pf_fold_3rd_Yin,symtop_G10,sym,0,0,0,0.0
pf_fold_3rd_Yin,symtop_G10,tight,0,0,0,0.0
pf_fold_3rd_Yin,gmax_16,sym,0,0,0,0.0
pf_fold_3rd_Yin,gmax_16,tight,0,0,0,0.0
pf_fold_3rd_Yin,gmax_25,sym,0,0,0,0.0
pf_fold_3rd_Yin,gmax_25,tight,0,0,0,0.0
pf_fold_3rd_Yin,gmax_40,sym,0,0,0,0.0
pf_fold_3rd_Yin,gmax_40,tight,0,0,0,0.0
pf_fold_3rd_Yin,deficit_10,sym,2,4,0,0.82
pf_fold_3rd_Yin,deficit_10,tight,0,0,0,0.0
pf_fold_3rd_Yin,deficit_16,sym,0,0,0,0.0
pf_fold_3rd_Yin,deficit_16,tight,0,0,0,0.0
pf_fold_3rd_Yin,deficit_25,sym,0,0,0,0.0
pf_fold_3rd_Yin,deficit_25,tight,0,0,0,0.0
pf_squeeze_3rd_Yin,dirtop_G6,sym,345,298,0,-1.85
pf_squeeze_3rd_Yin,dirtop_G6,tight,49,59,0,0.96
pf_squeeze_3rd_Yin,dirtop_G10,sym,36,28,0,-1.0
pf_squeeze_3rd_Yin,dirtop_G10,tight,4,3,0,-0.38
pf_squeeze_3rd_Yin,dirtop_G16,sym,1,0,0,-1.0
pf_squeeze_3rd_Yin,dirtop_G16,tight,0,0,0,0.0
pf_squeeze_3rd_Yin,dirtop_G25,sym,0,0,0,0.0
pf_squeeze_3rd_Yin,dirtop_G25,tight,0,0,0,0.0
pf_squeeze_3rd_Yin,symtop_G3,sym,19,16,0,-0.51
pf_squeeze_3rd_Yin,symtop_G3,tight,3,2,0,-0.45
pf_squeeze_3rd_Yin,symtop_G6,sym,0,1,0,1.0
pf_squeeze_3rd_Yin,symtop_G6,tight,0,1,0,1.0
pf_squeeze_3rd_Yin,symtop_G10,sym,0,0,0,0.0
pf_squeeze_3rd_Yin,symtop_G10,tight,0,0,0,0.0
pf_squeeze_3rd_Yin,gmax_16,sym,1,0,0,-1.0
pf_squeeze_3rd_Yin,gmax_16,tight,0,0,0,0.0
pf_squeeze_3rd_Yin,gmax_25,sym,0,0,0,0.0
pf_squeeze_3rd_Yin,gmax_25,tight,0,0,0,0.0
pf_squeeze_3rd_Yin,gmax_40,sym,0,0,0,0.0
pf_squeeze_3rd_Yin,gmax_40,tight,0,0,0,0.0
pf_squeeze_3rd_Yin,deficit_10,sym,1,2,0,0.58
pf_squeeze_3rd_Yin,deficit_10,tight,0,0,0,0.0
pf_squeeze_3rd_Yin,deficit_16,sym,0,0,0,0.0
pf_squeeze_3rd_Yin,deficit_16,tight,0,0,0,0.0
pf_squeeze_3rd_Yin,deficit_25,sym,0,0,0,0.0
pf_squeeze_3rd_Yin,deficit_25,tight,0,0,0,0.0
pf_fold_3rd_Ybehind,dirtop_G6,sym,0,0,0,0.0
pf_fold_3rd_Ybehind,dirtop_G6,tight,0,0,0,0.0
pf_fold_3rd_Ybehind,dirtop_G10,sym,0,0,0,0.0
pf_fold_3rd_Ybehind,dirtop_G10,tight,0,0,0,0.0
pf_fold_3rd_Ybehind,dirtop_G16,sym,0,0,0,0.0
pf_fold_3rd_Ybehind,dirtop_G16,tight,0,0,0,0.0
pf_fold_3rd_Ybehind,dirtop_G25,sym,0,0,0,0.0
pf_fold_3rd_Ybehind,dirtop_G25,tight,0,0,0,0.0
pf_fold_3rd_Ybehind,symtop_G3,sym,0,0,0,0.0
pf_fold_3rd_Ybehind,symtop_G3,tight,0,0,0,0.0
pf_fold_3rd_Ybehind,symtop_G6,sym,0,0,0,0.0
pf_fold_3rd_Ybehind,symtop_G6,tight,0,0,0,0.0
pf_fold_3rd_Ybehind,symtop_G10,sym,0,0,0,0.0
pf_fold_3rd_Ybehind,symtop_G10,tight,0,0,0,0.0
pf_fold_3rd_Ybehind,gmax_16,sym,0,0,0,0.0
pf_fold_3rd_Ybehind,gmax_16,tight,0,0,0,0.0
pf_fold_3rd_Ybehind,gmax_25,sym,0,0,0,0.0
pf_fold_3rd_Ybehind,gmax_25,tight,0,0,0,0.0
pf_fold_3rd_Ybehind,gmax_40,sym,0,0,0,0.0
pf_fold_3rd_Ybehind,gmax_40,tight,0,0,0,0.0
pf_fold_3rd_Ybehind,deficit_10,sym,2,1,0,-0.58
pf_fold_3rd_Ybehind,deficit_10,tight,0,0,0,0.0
pf_fold_3rd_Ybehind,deficit_16,sym,0,0,0,0.0
pf_fold_3rd_Ybehind,deficit_16,tight,0,0,0,0.0
pf_fold_3rd_Ybehind,deficit_25,sym,0,0,0,0.0
pf_fold_3rd_Ybehind,deficit_25,tight,0,0,0,0.0
pf_call_Yraise,dirtop_G6,sym,191,174,0,-0.89
pf_call_Yraise,dirtop_G6,tight,48,34,0,-1.55
pf_call_Yraise,dirtop_G10,sym,13,14,0,0.19
pf_call_Yraise,dirtop_G10,tight,4,1,0,-1.34
pf_call_Yraise,dirtop_G16,sym,1,0,0,-1.0
pf_call_Yraise,dirtop_G16,tight,0,0,0,0.0
pf_call_Yraise,dirtop_G25,sym,0,0,0,0.0
pf_call_Yraise,dirtop_G25,tight,0,0,0,0.0
pf_call_Yraise,symtop_G3,sym,6,10,0,1.0
pf_call_Yraise,symtop_G3,tight,2,2,0,0.0
pf_call_Yraise,symtop_G6,sym,0,1,0,1.0
pf_call_Yraise,symtop_G6,tight,0,0,0,0.0
pf_call_Yraise,symtop_G10,sym,0,0,0,0.0
pf_call_Yraise,symtop_G10,tight,0,0,0,0.0
pf_call_Yraise,gmax_16,sym,1,0,0,-1.0
pf_call_Yraise,gmax_16,tight,0,0,0,0.0
pf_call_Yraise,gmax_25,sym,0,0,0,0.0
pf_call_Yraise,gmax_25,tight,0,0,0,0.0
pf_call_Yraise,gmax_40,sym,0,0,0,0.0
pf_call_Yraise,gmax_40,tight,0,0,0,0.0
pf_call_Yraise,deficit_10,sym,22,18,0,-0.63
pf_call_Yraise,deficit_10,tight,2,2,0,0.0
pf_call_Yraise,deficit_16,sym,0,0,0,0.0
pf_call_Yraise,deficit_16,tight,0,0,0,0.0
pf_call_Yraise,deficit_25,sym,0,0,0,0.0
pf_call_Yraise,deficit_25,tight,0,0,0,0.0
pf_3bet_Yraise,dirtop_G6,sym,408,385,4,-0.82
pf_3bet_Yraise,dirtop_G6,tight,81,79,0,-0.16
pf_3bet_Yraise,dirtop_G10,sym,37,38,0,0.12
pf_3bet_Yraise,dirtop_G10,tight,8,8,0,0.0
pf_3bet_Yraise,dirtop_G16,sym,2,2,0,0.0
pf_3bet_Yraise,dirtop_G16,tight,0,1,0,1.0
pf_3bet_Yraise,dirtop_G25,sym,0,0,0,0.0
pf_3bet_Yraise,dirtop_G25,tight,0,0,0,0.0
pf_3bet_Yraise,symtop_G3,sym,89,103,0,1.01
pf_3bet_Yraise,symtop_G3,tight,23,16,0,-1.12
pf_3bet_Yraise,symtop_G6,sym,6,8,0,0.53
pf_3bet_Yraise,symtop_G6,tight,2,0,0,-1.41
pf_3bet_Yraise,symtop_G10,sym,0,0,0,0.0
pf_3bet_Yraise,symtop_G10,tight,0,0,0,0.0
pf_3bet_Yraise,gmax_16,sym,2,2,0,0.0
pf_3bet_Yraise,gmax_16,tight,0,1,0,1.0
pf_3bet_Yraise,gmax_25,sym,0,0,0,0.0
pf_3bet_Yraise,gmax_25,tight,0,0,0,0.0
pf_3bet_Yraise,gmax_40,sym,0,0,0,0.0
pf_3bet_Yraise,gmax_40,tight,0,0,0,0.0
pf_3bet_Yraise,deficit_10,sym,4,3,0,-0.38
pf_3bet_Yraise,deficit_10,tight,0,1,0,1.0
pf_3bet_Yraise,deficit_16,sym,0,0,0,0.0
pf_3bet_Yraise,deficit_16,tight,0,0,0,0.0
pf_3bet_Yraise,deficit_25,sym,0,0,0,0.0
pf_3bet_Yraise,deficit_25,tight,0,0,0,0.0
pf_fold_Yraise,dirtop_G6,sym,1,0,0,-1.0
pf_fold_Yraise,dirtop_G6,tight,0,0,0,0.0
pf_fold_Yraise,dirtop_G10,sym,0,0,0,0.0
pf_fold_Yraise,dirtop_G10,tight,0,0,0,0.0
pf_fold_Yraise,dirtop_G16,sym,0,0,0,0.0
pf_fold_Yraise,dirtop_G16,tight,0,0,0,0.0
pf_fold_Yraise,dirtop_G25,sym,0,0,0,0.0
pf_fold_Yraise,dirtop_G25,tight,0,0,0,0.0
pf_fold_Yraise,symtop_G3,sym,0,0,0,0.0
pf_fold_Yraise,symtop_G3,tight,0,0,0,0.0
pf_fold_Yraise,symtop_G6,sym,0,0,0,0.0
pf_fold_Yraise,symtop_G6,tight,0,0,0,0.0
pf_fold_Yraise,symtop_G10,sym,0,0,0,0.0
pf_fold_Yraise,symtop_G10,tight,0,0,0,0.0
pf_fold_Yraise,gmax_16,sym,0,0,0,0.0
pf_fold_Yraise,gmax_16,tight,0,0,0,0.0
pf_fold_Yraise,gmax_25,sym,0,0,0,0.0
pf_fold_Yraise,gmax_25,tight,0,0,0,0.0
pf_fold_Yraise,gmax_40,sym,0,0,0,0.0
pf_fold_Yraise,gmax_40,tight,0,0,0,0.0
pf_fold_Yraise,deficit_10,sym,4,0,0,-2.0
pf_fold_Yraise,deficit_10,tight,1,0,0,-1.0
pf_fold_Yraise,deficit_16,sym,0,0,0,0.0
pf_fold_Yraise,deficit_16,tight,0,0,0,0.0
pf_fold_Yraise,deficit_25,sym,0,0,0,0.0
pf_fold_Yraise,deficit_25,tight,0,0,0,0.0
bvb_walk,dirtop_G6,sym,0,0,0,0.0
bvb_walk,dirtop_G6,tight,0,0,0,0.0
bvb_walk,dirtop_G10,sym,0,0,0,0.0
bvb_walk,dirtop_G10,tight,0,0,0,0.0
bvb_walk,dirtop_G16,sym,0,0,0,0.0
bvb_walk,dirtop_G16,tight,0,0,0,0.0
bvb_walk,dirtop_G25,sym,0,0,0,0.0
bvb_walk,dirtop_G25,tight,0,0,0,0.0
bvb_walk,symtop_G3,sym,0,0,0,0.0
bvb_walk,symtop_G3,tight,0,0,0,0.0
bvb_walk,symtop_G6,sym,0,0,0,0.0
bvb_walk,symtop_G6,tight,0,0,0,0.0
bvb_walk,symtop_G10,sym,0,0,0,0.0
bvb_walk,symtop_G10,tight,0,0,0,0.0
bvb_walk,gmax_16,sym,0,0,0,0.0
bvb_walk,gmax_16,tight,0,0,0,0.0
bvb_walk,gmax_25,sym,0,0,0,0.0
bvb_walk,gmax_25,tight,0,0,0,0.0
bvb_walk,gmax_40,sym,0,0,0,0.0
bvb_walk,gmax_40,tight,0,0,0,0.0
bvb_walk,deficit_10,sym,0,0,0,0.0
bvb_walk,deficit_10,tight,0,0,0,0.0
bvb_walk,deficit_16,sym,0,0,0,0.0
bvb_walk,deficit_16,tight,0,0,0,0.0
bvb_walk,deficit_25,sym,0,0,0,0.0
bvb_walk,deficit_25,tight,0,0,0,0.0
bvb_raise,dirtop_G6,sym,4,0,0,-2.0
bvb_raise,dirtop_G6,tight,0,0,0,0.0
bvb_raise,dirtop_G10,sym,0,0,0,0.0
bvb_raise,dirtop_G10,tight,0,0,0,0.0
bvb_raise,dirtop_G16,sym,0,0,0,0.0
bvb_raise,dirtop_G16,tight,0,0,0,0.0
bvb_raise,dirtop_G25,sym,0,0,0,0.0
bvb_raise,dirtop_G25,tight,0,0,0,0.0
bvb_raise,symtop_G3,sym,0,0,0,0.0
bvb_raise,symtop_G3,tight,0,0,0,0.0
bvb_raise,symtop_G6,sym,0,0,0,0.0
bvb_raise,symtop_G6,tight,0,0,0,0.0
bvb_raise,symtop_G10,sym,0,0,0,0.0
bvb_raise,symtop_G10,tight,0,0,0,0.0
bvb_raise,gmax_16,sym,0,0,0,0.0
bvb_raise,gmax_16,tight,0,0,0,0.0
bvb_raise,gmax_25,sym,0,0,0,0.0
bvb_raise,gmax_25,tight,0,0,0,0.0
bvb_raise,gmax_40,sym,0,0,0,0.0
bvb_raise,gmax_40,tight,0,0,0,0.0
bvb_raise,deficit_10,sym,0,0,0,0.0
bvb_raise,deficit_10,tight,0,0,0,0.0
bvb_raise,deficit_16,sym,0,0,0,0.0
bvb_raise,deficit_16,tight,0,0,0,0.0
bvb_raise,deficit_25,sym,0,0,0,0.0
bvb_raise,deficit_25,tight,0,0,0,0.0
blind_fold_steal,dirtop_G6,sym,0,0,0,0.0
blind_fold_steal,dirtop_G6,tight,0,0,0,0.0
blind_fold_steal,dirtop_G10,sym,0,0,0,0.0
blind_fold_steal,dirtop_G10,tight,0,0,0,0.0
blind_fold_steal,dirtop_G16,sym,0,0,0,0.0
blind_fold_steal,dirtop_G16,tight,0,0,0,0.0
blind_fold_steal,dirtop_G25,sym,0,0,0,0.0
blind_fold_steal,dirtop_G25,tight,0,0,0,0.0
blind_fold_steal,symtop_G3,sym,0,0,0,0.0
blind_fold_steal,symtop_G3,tight,0,0,0,0.0
blind_fold_steal,symtop_G6,sym,0,0,0,0.0
blind_fold_steal,symtop_G6,tight,0,0,0,0.0
blind_fold_steal,symtop_G10,sym,0,0,0,0.0
blind_fold_steal,symtop_G10,tight,0,0,0,0.0
blind_fold_steal,gmax_16,sym,0,0,0,0.0
blind_fold_steal,gmax_16,tight,0,0,0,0.0
blind_fold_steal,gmax_25,sym,0,0,0,0.0
blind_fold_steal,gmax_25,tight,0,0,0,0.0
blind_fold_steal,gmax_40,sym,0,0,0,0.0
blind_fold_steal,gmax_40,tight,0,0,0,0.0
blind_fold_steal,deficit_10,sym,0,0,0,0.0
blind_fold_steal,deficit_10,tight,0,0,0,0.0
blind_fold_steal,deficit_16,sym,0,0,0,0.0
blind_fold_steal,deficit_16,tight,0,0,0,0.0
blind_fold_steal,deficit_25,sym,0,0,0,0.0
blind_fold_steal,deficit_25,tight,0,0,0,0.0
steal_open_Yblind,dirtop_G6,sym,27,38,0,1.36
steal_open_Yblind,dirtop_G6,tight,4,2,0,-0.82
steal_open_Yblind,dirtop_G10,sym,0,0,0,0.0
steal_open_Yblind,dirtop_G10,tight,0,0,0,0.0
steal_open_Yblind,dirtop_G16,sym,0,0,0,0.0
steal_open_Yblind,dirtop_G16,tight,0,0,0,0.0
steal_open_Yblind,dirtop_G25,sym,0,0,0,0.0
steal_open_Yblind,dirtop_G25,tight,0,0,0,0.0
steal_open_Yblind,symtop_G3,sym,5,3,0,-0.71
steal_open_Yblind,symtop_G3,tight,2,1,0,-0.58
steal_open_Yblind,symtop_G6,sym,0,0,0,0.0
steal_open_Yblind,symtop_G6,tight,0,0,0,0.0
steal_open_Yblind,symtop_G10,sym,0,0,0,0.0
steal_open_Yblind,symtop_G10,tight,0,0,0,0.0
steal_open_Yblind,gmax_16,sym,0,0,0,0.0
steal_open_Yblind,gmax_16,tight,0,0,0,0.0
steal_open_Yblind,gmax_25,sym,0,0,0,0.0
steal_open_Yblind,gmax_25,tight,0,0,0,0.0
steal_open_Yblind,gmax_40,sym,0,0,0,0.0
steal_open_Yblind,gmax_40,tight,0,0,0,0.0
steal_open_Yblind,deficit_10,sym,11,11,0,0.0
steal_open_Yblind,deficit_10,tight,1,1,0,0.0
steal_open_Yblind,deficit_16,sym,0,0,0,0.0
steal_open_Yblind,deficit_16,tight,0,0,0,0.0
steal_open_Yblind,deficit_25,sym,0,0,0,0.0
steal_open_Yblind,deficit_25,tight,0,0,0,0.0
mw_bet_Yactive,dirtop_G6,sym,0,0,0,0.0
mw_bet_Yactive,dirtop_G6,tight,0,0,0,0.0
mw_bet_Yactive,dirtop_G10,sym,0,0,0,0.0
mw_bet_Yactive,dirtop_G10,tight,0,0,0,0.0
mw_bet_Yactive,dirtop_G16,sym,0,0,0,0.0
mw_bet_Yactive,dirtop_G16,tight,0,0,0,0.0
mw_bet_Yactive,dirtop_G25,sym,0,0,0,0.0
mw_bet_Yactive,dirtop_G25,tight,0,0,0,0.0
mw_bet_Yactive,symtop_G3,sym,0,0,0,0.0
mw_bet_Yactive,symtop_G3,tight,0,0,0,0.0
mw_bet_Yactive,symtop_G6,sym,0,0,0,0.0
mw_bet_Yactive,symtop_G6,tight,0,0,0,0.0
mw_bet_Yactive,symtop_G10,sym,0,0,0,0.0
mw_bet_Yactive,symtop_G10,tight,0,0,0,0.0
mw_bet_Yactive,gmax_16,sym,0,0,0,0.0
mw_bet_Yactive,gmax_16,tight,0,0,0,0.0
mw_bet_Yactive,gmax_25,sym,0,0,0,0.0
mw_bet_Yactive,gmax_25,tight,0,0,0,0.0
mw_bet_Yactive,gmax_40,sym,0,0,0,0.0
mw_bet_Yactive,gmax_40,tight,0,0,0,0.0
mw_bet_Yactive,deficit_10,sym,0,2,0,1.41
mw_bet_Yactive,deficit_10,tight,0,0,0,0.0
mw_bet_Yactive,deficit_16,sym,0,0,0,0.0
mw_bet_Yactive,deficit_16,tight,0,0,0,0.0
mw_bet_Yactive,deficit_25,sym,0,0,0,0.0
mw_bet_Yactive,deficit_25,tight,0,0,0,0.0
mw_fold_3rd,dirtop_G6,sym,0,0,0,0.0
mw_fold_3rd,dirtop_G6,tight,0,0,0,0.0
mw_fold_3rd,dirtop_G10,sym,0,0,0,0.0
mw_fold_3rd,dirtop_G10,tight,0,0,0,0.0
mw_fold_3rd,dirtop_G16,sym,0,0,0,0.0
mw_fold_3rd,dirtop_G16,tight,0,0,0,0.0
mw_fold_3rd,dirtop_G25,sym,0,0,0,0.0
mw_fold_3rd,dirtop_G25,tight,0,0,0,0.0
mw_fold_3rd,symtop_G3,sym,0,0,0,0.0
mw_fold_3rd,symtop_G3,tight,0,0,0,0.0
mw_fold_3rd,symtop_G6,sym,0,0,0,0.0
mw_fold_3rd,symtop_G6,tight,0,0,0,0.0
mw_fold_3rd,symtop_G10,sym,0,0,0,0.0
mw_fold_3rd,symtop_G10,tight,0,0,0,0.0
mw_fold_3rd,gmax_16,sym,0,0,0,0.0
mw_fold_3rd,gmax_16,tight,0,0,0,0.0
mw_fold_3rd,gmax_25,sym,0,0,0,0.0
mw_fold_3rd,gmax_25,tight,0,0,0,0.0
mw_fold_3rd,gmax_40,sym,0,0,0,0.0
mw_fold_3rd,gmax_40,tight,0,0,0,0.0
mw_fold_3rd,deficit_10,sym,1,1,0,0.0
mw_fold_3rd,deficit_10,tight,1,0,0,-1.0
mw_fold_3rd,deficit_16,sym,0,0,0,0.0
mw_fold_3rd,deficit_16,tight,0,0,0,0.0
mw_fold_3rd,deficit_25,sym,0,0,0,0.0
mw_fold_3rd,deficit_25,tight,0,0,0,0.0
mw_call_3rd,dirtop_G6,sym,1,0,0,-1.0
mw_call_3rd,dirtop_G6,tight,0,0,0,0.0
mw_call_3rd,dirtop_G10,sym,0,0,0,0.0
mw_call_3rd,dirtop_G10,tight,0,0,0,0.0
mw_call_3rd,dirtop_G16,sym,0,0,0,0.0
mw_call_3rd,dirtop_G16,tight,0,0,0,0.0
mw_call_3rd,dirtop_G25,sym,0,0,0,0.0
mw_call_3rd,dirtop_G25,tight,0,0,0,0.0
mw_call_3rd,symtop_G3,sym,1,0,0,-1.0
mw_call_3rd,symtop_G3,tight,1,0,0,-1.0
mw_call_3rd,symtop_G6,sym,0,0,0,0.0
mw_call_3rd,symtop_G6,tight,0,0,0,0.0
mw_call_3rd,symtop_G10,sym,0,0,0,0.0
mw_call_3rd,symtop_G10,tight,0,0,0,0.0
mw_call_3rd,gmax_16,sym,0,0,0,0.0
mw_call_3rd,gmax_16,tight,0,0,0,0.0
mw_call_3rd,gmax_25,sym,0,0,0,0.0
mw_call_3rd,gmax_25,tight,0,0,0,0.0
mw_call_3rd,gmax_40,sym,0,0,0,0.0
mw_call_3rd,gmax_40,tight,0,0,0,0.0
mw_call_3rd,deficit_10,sym,0,1,0,1.0
mw_call_3rd,deficit_10,tight,0,0,0,0.0
mw_call_3rd,deficit_16,sym,0,0,0,0.0
mw_call_3rd,deficit_16,tight,0,0,0,0.0
mw_call_3rd,deficit_25,sym,0,0,0,0.0
mw_call_3rd,deficit_25,tight,0,0,0,0.0
mw_raise_3rd,dirtop_G6,sym,63,106,0,3.31
mw_raise_3rd,dirtop_G6,tight,12,26,0,2.27
mw_raise_3rd,dirtop_G10,sym,2,4,0,0.82
mw_raise_3rd,dirtop_G10,tight,0,1,0,1.0
mw_raise_3rd,dirtop_G16,sym,0,0,0,0.0
mw_raise_3rd,dirtop_G16,tight,0,0,0,0.0
mw_raise_3rd,dirtop_G25,sym,0,0,0,0.0
mw_raise_3rd,dirtop_G25,tight,0,0,0,0.0
mw_raise_3rd,symtop_G3,sym,8,16,0,1.63
mw_raise_3rd,symtop_G3,tight,1,2,0,0.58
mw_raise_3rd,symtop_G6,sym,0,0,0,0.0
mw_raise_3rd,symtop_G6,tight,0,0,0,0.0
mw_raise_3rd,symtop_G10,sym,0,0,0,0.0
mw_raise_3rd,symtop_G10,tight,0,0,0,0.0
mw_raise_3rd,gmax_16,sym,0,0,0,0.0
mw_raise_3rd,gmax_16,tight,0,0,0,0.0
mw_raise_3rd,gmax_25,sym,0,0,0,0.0
mw_raise_3rd,gmax_25,tight,0,0,0,0.0
mw_raise_3rd,gmax_40,sym,0,0,0,0.0
mw_raise_3rd,gmax_40,tight,0,0,0,0.0
mw_raise_3rd,deficit_10,sym,0,0,0,0.0
mw_raise_3rd,deficit_10,tight,0,0,0,0.0
mw_raise_3rd,deficit_16,sym,0,0,0,0.0
mw_raise_3rd,deficit_16,tight,0,0,0,0.0
mw_raise_3rd,deficit_25,sym,0,0,0,0.0
mw_raise_3rd,deficit_25,tight,0,0,0,0.0
mw_fold_3rd_eq60,dirtop_G6,sym,80,74,0,-0.48
mw_fold_3rd_eq60,dirtop_G6,tight,6,12,0,1.41
mw_fold_3rd_eq60,dirtop_G10,sym,5,6,0,0.3
mw_fold_3rd_eq60,dirtop_G10,tight,2,0,0,-1.41
mw_fold_3rd_eq60,dirtop_G16,sym,0,0,0,0.0
mw_fold_3rd_eq60,dirtop_G16,tight,0,0,0,0.0
mw_fold_3rd_eq60,dirtop_G25,sym,0,0,0,0.0
mw_fold_3rd_eq60,dirtop_G25,tight,0,0,0,0.0
mw_fold_3rd_eq60,symtop_G3,sym,4,10,0,1.6
mw_fold_3rd_eq60,symtop_G3,tight,1,1,0,0.0
mw_fold_3rd_eq60,symtop_G6,sym,0,0,0,0.0
mw_fold_3rd_eq60,symtop_G6,tight,0,0,0,0.0
mw_fold_3rd_eq60,symtop_G10,sym,0,0,0,0.0
mw_fold_3rd_eq60,symtop_G10,tight,0,0,0,0.0
mw_fold_3rd_eq60,gmax_16,sym,0,0,0,0.0
mw_fold_3rd_eq60,gmax_16,tight,0,0,0,0.0
mw_fold_3rd_eq60,gmax_25,sym,0,0,0,0.0
mw_fold_3rd_eq60,gmax_25,tight,0,0,0,0.0
mw_fold_3rd_eq60,gmax_40,sym,0,0,0,0.0
mw_fold_3rd_eq60,gmax_40,tight,0,0,0,0.0
mw_fold_3rd_eq60,deficit_10,sym,0,0,0,0.0
mw_fold_3rd_eq60,deficit_10,tight,0,0,0,0.0
mw_fold_3rd_eq60,deficit_16,sym,0,0,0,0.0
mw_fold_3rd_eq60,deficit_16,tight,0,0,0,0.0
mw_fold_3rd_eq60,deficit_25,sym,0,0,0,0.0
mw_fold_3rd_eq60,deficit_25,tight,0,0,0,0.0
fold_Yahead,dirtop_G6,sym,0,0,0,0.0
fold_Yahead,dirtop_G6,tight,0,0,0,0.0
fold_Yahead,dirtop_G10,sym,0,0,0,0.0
fold_Yahead,dirtop_G10,tight,0,0,0,0.0
fold_Yahead,dirtop_G16,sym,0,0,0,0.0
fold_Yahead,dirtop_G16,tight,0,0,0,0.0
fold_Yahead,dirtop_G25,sym,0,0,0,0.0
fold_Yahead,dirtop_G25,tight,0,0,0,0.0
fold_Yahead,symtop_G3,sym,0,0,0,0.0
fold_Yahead,symtop_G3,tight,0,0,0,0.0
fold_Yahead,symtop_G6,sym,0,0,0,0.0
fold_Yahead,symtop_G6,tight,0,0,0,0.0
fold_Yahead,symtop_G10,sym,0,0,0,0.0
fold_Yahead,symtop_G10,tight,0,0,0,0.0
fold_Yahead,gmax_16,sym,0,0,0,0.0
fold_Yahead,gmax_16,tight,0,0,0,0.0
fold_Yahead,gmax_25,sym,0,0,0,0.0
fold_Yahead,gmax_25,tight,0,0,0,0.0
fold_Yahead,gmax_40,sym,0,0,0,0.0
fold_Yahead,gmax_40,tight,0,0,0,0.0
fold_Yahead,deficit_10,sym,0,0,0,0.0
fold_Yahead,deficit_10,tight,0,0,0,0.0
fold_Yahead,deficit_16,sym,0,0,0,0.0
fold_Yahead,deficit_16,tight,0,0,0,0.0
fold_Yahead,deficit_25,sym,0,0,0,0.0
fold_Yahead,deficit_25,tight,0,0,0,0.0
fold_Ybehind,dirtop_G6,sym,0,0,0,0.0
fold_Ybehind,dirtop_G6,tight,0,0,0,0.0
fold_Ybehind,dirtop_G10,sym,0,0,0,0.0
fold_Ybehind,dirtop_G10,tight,0,0,0,0.0
fold_Ybehind,dirtop_G16,sym,0,0,0,0.0
fold_Ybehind,dirtop_G16,tight,0,0,0,0.0
fold_Ybehind,dirtop_G25,sym,0,0,0,0.0
fold_Ybehind,dirtop_G25,tight,0,0,0,0.0
fold_Ybehind,symtop_G3,sym,0,0,0,0.0
fold_Ybehind,symtop_G3,tight,0,0,0,0.0
fold_Ybehind,symtop_G6,sym,0,0,0,0.0
fold_Ybehind,symtop_G6,tight,0,0,0,0.0
fold_Ybehind,symtop_G10,sym,0,0,0,0.0
fold_Ybehind,symtop_G10,tight,0,0,0,0.0
fold_Ybehind,gmax_16,sym,0,0,0,0.0
fold_Ybehind,gmax_16,tight,0,0,0,0.0
fold_Ybehind,gmax_25,sym,0,0,0,0.0
fold_Ybehind,gmax_25,tight,0,0,0,0.0
fold_Ybehind,gmax_40,sym,0,0,0,0.0
fold_Ybehind,gmax_40,tight,0,0,0,0.0
fold_Ybehind,deficit_10,sym,0,0,0,0.0
fold_Ybehind,deficit_10,tight,0,0,0,0.0
fold_Ybehind,deficit_16,sym,0,0,0,0.0
fold_Ybehind,deficit_16,tight,0,0,0,0.0
fold_Ybehind,deficit_25,sym,0,0,0,0.0
fold_Ybehind,deficit_25,tight,0,0,0,0.0
pump_Yahead,dirtop_G6,sym,10,11,0,0.22
pump_Yahead,dirtop_G6,tight,0,2,0,1.41
pump_Yahead,dirtop_G10,sym,0,0,0,0.0
pump_Yahead,dirtop_G10,tight,0,0,0,0.0
pump_Yahead,dirtop_G16,sym,0,0,0,0.0
pump_Yahead,dirtop_G16,tight,0,0,0,0.0
pump_Yahead,dirtop_G25,sym,0,0,0,0.0
pump_Yahead,dirtop_G25,tight,0,0,0,0.0
pump_Yahead,symtop_G3,sym,0,3,0,1.73
pump_Yahead,symtop_G3,tight,0,1,0,1.0
pump_Yahead,symtop_G6,sym,0,0,0,0.0
pump_Yahead,symtop_G6,tight,0,0,0,0.0
pump_Yahead,symtop_G10,sym,0,0,0,0.0
pump_Yahead,symtop_G10,tight,0,0,0,0.0
pump_Yahead,gmax_16,sym,0,0,0,0.0
pump_Yahead,gmax_16,tight,0,0,0,0.0
pump_Yahead,gmax_25,sym,0,0,0,0.0
pump_Yahead,gmax_25,tight,0,0,0,0.0
pump_Yahead,gmax_40,sym,0,0,0,0.0
pump_Yahead,gmax_40,tight,0,0,0,0.0
pump_Yahead,deficit_10,sym,0,0,0,0.0
pump_Yahead,deficit_10,tight,0,0,0,0.0
pump_Yahead,deficit_16,sym,0,0,0,0.0
pump_Yahead,deficit_16,tight,0,0,0,0.0
pump_Yahead,deficit_25,sym,0,0,0,0.0
pump_Yahead,deficit_25,tight,0,0,0,0.0
aggr_Ybehind,dirtop_G6,sym,0,0,0,0.0
aggr_Ybehind,dirtop_G6,tight,0,0,0,0.0
aggr_Ybehind,dirtop_G10,sym,0,0,0,0.0
aggr_Ybehind,dirtop_G10,tight,0,0,0,0.0
aggr_Ybehind,dirtop_G16,sym,0,0,0,0.0
aggr_Ybehind,dirtop_G16,tight,0,0,0,0.0
aggr_Ybehind,dirtop_G25,sym,0,0,0,0.0
aggr_Ybehind,dirtop_G25,tight,0,0,0,0.0
aggr_Ybehind,symtop_G3,sym,0,0,0,0.0
aggr_Ybehind,symtop_G3,tight,0,0,0,0.0
aggr_Ybehind,symtop_G6,sym,0,0,0,0.0
aggr_Ybehind,symtop_G6,tight,0,0,0,0.0
aggr_Ybehind,symtop_G10,sym,0,0,0,0.0
aggr_Ybehind,symtop_G10,tight,0,0,0,0.0
aggr_Ybehind,gmax_16,sym,0,0,0,0.0
aggr_Ybehind,gmax_16,tight,0,0,0,0.0
aggr_Ybehind,gmax_25,sym,0,0,0,0.0
aggr_Ybehind,gmax_25,tight,0,0,0,0.0
aggr_Ybehind,gmax_40,sym,0,0,0,0.0
aggr_Ybehind,gmax_40,tight,0,0,0,0.0
aggr_Ybehind,deficit_10,sym,0,1,0,1.0
aggr_Ybehind,deficit_10,tight,0,0,0,0.0
aggr_Ybehind,deficit_16,sym,0,0,0,0.0
aggr_Ybehind,deficit_16,tight,0,0,0,0.0
aggr_Ybehind,deficit_25,sym,0,0,0,0.0
aggr_Ybehind,deficit_25,tight,0,0,0,0.0
mw_checkthrough,dirtop_G6,sym,5,9,0,1.07
mw_checkthrough,dirtop_G6,tight,3,1,0,-1.0
mw_checkthrough,dirtop_G10,sym,0,1,0,1.0
mw_checkthrough,dirtop_G10,tight,0,0,0,0.0
mw_checkthrough,dirtop_G16,sym,0,0,0,0.0
mw_checkthrough,dirtop_G16,tight,0,0,0,0.0
mw_checkthrough,dirtop_G25,sym,0,0,0,0.0
mw_checkthrough,dirtop_G25,tight,0,0,0,0.0
mw_checkthrough,symtop_G3,sym,250,251,4,0.04
mw_checkthrough,symtop_G3,tight,59,47,1,-1.17
mw_checkthrough,symtop_G6,sym,5,9,0,1.07
mw_checkthrough,symtop_G6,tight,3,1,0,-1.0
mw_checkthrough,symtop_G10,sym,0,1,0,1.0
mw_checkthrough,symtop_G10,tight,0,0,0,0.0
mw_checkthrough,gmax_16,sym,0,0,0,0.0
mw_checkthrough,gmax_16,tight,0,0,0,0.0
mw_checkthrough,gmax_25,sym,0,0,0,0.0
mw_checkthrough,gmax_25,tight,0,0,0,0.0
mw_checkthrough,gmax_40,sym,0,0,0,0.0
mw_checkthrough,gmax_40,tight,0,0,0,0.0
mw_checkthrough,deficit_10,sym,29,52,0,2.56
mw_checkthrough,deficit_10,tight,2,5,0,1.13
mw_checkthrough,deficit_16,sym,2,2,0,0.0
mw_checkthrough,deficit_16,tight,0,0,0,0.0
mw_checkthrough,deficit_25,sym,0,0,0,0.0
mw_checkthrough,deficit_25,tight,0,0,0,0.0
mw_strongcheck,dirtop_G6,sym,0,1,0,1.0
mw_strongcheck,dirtop_G6,tight,0,0,0,0.0
mw_strongcheck,dirtop_G10,sym,0,0,0,0.0
mw_strongcheck,dirtop_G10,tight,0,0,0,0.0
mw_strongcheck,dirtop_G16,sym,0,0,0,0.0
mw_strongcheck,dirtop_G16,tight,0,0,0,0.0
mw_strongcheck,dirtop_G25,sym,0,0,0,0.0
mw_strongcheck,dirtop_G25,tight,0,0,0,0.0
mw_strongcheck,symtop_G3,sym,0,0,0,0.0
mw_strongcheck,symtop_G3,tight,0,0,0,0.0
mw_strongcheck,symtop_G6,sym,0,0,0,0.0
mw_strongcheck,symtop_G6,tight,0,0,0,0.0
mw_strongcheck,symtop_G10,sym,0,0,0,0.0
mw_strongcheck,symtop_G10,tight,0,0,0,0.0
mw_strongcheck,gmax_16,sym,0,0,0,0.0
mw_strongcheck,gmax_16,tight,0,0,0,0.0
mw_strongcheck,gmax_25,sym,0,0,0,0.0
mw_strongcheck,gmax_25,tight,0,0,0,0.0
mw_strongcheck,gmax_40,sym,0,0,0,0.0
mw_strongcheck,gmax_40,tight,0,0,0,0.0
mw_strongcheck,deficit_10,sym,0,0,0,0.0
mw_strongcheck,deficit_10,tight,0,0,0,0.0
mw_strongcheck,deficit_16,sym,0,0,0,0.0
mw_strongcheck,deficit_16,tight,0,0,0,0.0
mw_strongcheck,deficit_25,sym,0,0,0,0.0
mw_strongcheck,deficit_25,tight,0,0,0,0.0
hu_strongcheck,dirtop_G6,sym,6,8,0,0.53
hu_strongcheck,dirtop_G6,tight,2,1,0,-0.58
hu_strongcheck,dirtop_G10,sym,0,0,0,0.0
hu_strongcheck,dirtop_G10,tight,0,0,0,0.0
hu_strongcheck,dirtop_G16,sym,0,0,0,0.0
hu_strongcheck,dirtop_G16,tight,0,0,0,0.0
hu_strongcheck,dirtop_G25,sym,0,0,0,0.0
hu_strongcheck,dirtop_G25,tight,0,0,0,0.0
hu_strongcheck,symtop_G3,sym,2,2,0,0.0
hu_strongcheck,symtop_G3,tight,0,0,0,0.0
hu_strongcheck,symtop_G6,sym,0,0,0,0.0
hu_strongcheck,symtop_G6,tight,0,0,0,0.0
hu_strongcheck,symtop_G10,sym,0,0,0,0.0
hu_strongcheck,symtop_G10,tight,0,0,0,0.0
hu_strongcheck,gmax_16,sym,0,0,0,0.0
hu_strongcheck,gmax_16,tight,0,0,0,0.0
hu_strongcheck,gmax_25,sym,0,0,0,0.0
hu_strongcheck,gmax_25,tight,0,0,0,0.0
hu_strongcheck,gmax_40,sym,0,0,0,0.0
hu_strongcheck,gmax_40,tight,0,0,0,0.0
hu_strongcheck,deficit_10,sym,0,0,0,0.0
hu_strongcheck,deficit_10,tight,0,0,0,0.0
hu_strongcheck,deficit_16,sym,0,0,0,0.0
hu_strongcheck,deficit_16,tight,0,0,0,0.0
hu_strongcheck,deficit_25,sym,0,0,0,0.0
hu_strongcheck,deficit_25,tight,0,0,0,0.0
hu_bet,dirtop_G6,sym,0,0,0,0.0
hu_bet,dirtop_G6,tight,0,0,0,0.0
hu_bet,dirtop_G10,sym,0,0,0,0.0
hu_bet,dirtop_G10,tight,0,0,0,0.0
hu_bet,dirtop_G16,sym,0,0,0,0.0
hu_bet,dirtop_G16,tight,0,0,0,0.0
hu_bet,dirtop_G25,sym,0,0,0,0.0
hu_bet,dirtop_G25,tight,0,0,0,0.0
hu_bet,symtop_G3,sym,0,0,0,0.0
hu_bet,symtop_G3,tight,0,0,0,0.0
hu_bet,symtop_G6,sym,0,0,0,0.0
hu_bet,symtop_G6,tight,0,0,0,0.0
hu_bet,symtop_G10,sym,0,0,0,0.0
hu_bet,symtop_G10,tight,0,0,0,0.0
hu_bet,gmax_16,sym,0,0,0,0.0
hu_bet,gmax_16,tight,0,0,0,0.0
hu_bet,gmax_25,sym,0,0,0,0.0
hu_bet,gmax_25,tight,0,0,0,0.0
hu_bet,gmax_40,sym,0,0,0,0.0
hu_bet,gmax_40,tight,0,0,0,0.0
hu_bet,deficit_10,sym,1,0,0,-1.0
hu_bet,deficit_10,tight,1,0,0,-1.0
hu_bet,deficit_16,sym,0,0,0,0.0
hu_bet,deficit_16,tight,0,0,0,0.0
hu_bet,deficit_25,sym,0,0,0,0.0
hu_bet,deficit_25,tight,0,0,0,0.0
hu_fold,dirtop_G6,sym,0,0,0,0.0
hu_fold,dirtop_G6,tight,0,0,0,0.0
hu_fold,dirtop_G10,sym,0,0,0,0.0
hu_fold,dirtop_G10,tight,0,0,0,0.0
hu_fold,dirtop_G16,sym,0,0,0,0.0
hu_fold,dirtop_G16,tight,0,0,0,0.0
hu_fold,dirtop_G25,sym,0,0,0,0.0
hu_fold,dirtop_G25,tight,0,0,0,0.0
hu_fold,symtop_G3,sym,0,0,0,0.0
hu_fold,symtop_G3,tight,0,0,0,0.0
hu_fold,symtop_G6,sym,0,0,0,0.0
hu_fold,symtop_G6,tight,0,0,0,0.0
hu_fold,symtop_G10,sym,0,0,0,0.0
hu_fold,symtop_G10,tight,0,0,0,0.0
hu_fold,gmax_16,sym,0,0,0,0.0
hu_fold,gmax_16,tight,0,0,0,0.0
hu_fold,gmax_25,sym,0,0,0,0.0
hu_fold,gmax_25,tight,0,0,0,0.0
hu_fold,gmax_40,sym,0,0,0,0.0
hu_fold,gmax_40,tight,0,0,0,0.0
hu_fold,deficit_10,sym,5,4,0,-0.33
hu_fold,deficit_10,tight,0,1,0,1.0
hu_fold,deficit_16,sym,0,0,0,0.0
hu_fold,deficit_16,tight,0,0,0,0.0
hu_fold,deficit_25,sym,0,0,0,0.0
hu_fold,deficit_25,tight,0,0,0,0.0
hu_raise,dirtop_G6,sym,137,132,1,-0.3
hu_raise,dirtop_G6,tight,23,27,1,0.57
hu_raise,dirtop_G10,sym,5,10,0,1.29
hu_raise,dirtop_G10,tight,0,0,0,0.0
hu_raise,dirtop_G16,sym,0,2,0,1.41
hu_raise,dirtop_G16,tight,0,0,0,0.0
hu_raise,dirtop_G25,sym,0,0,0,0.0
hu_raise,dirtop_G25,tight,0,0,0,0.0
hu_raise,symtop_G3,sym,49,31,0,-2.01
hu_raise,symtop_G3,tight,12,6,0,-1.41
hu_raise,symtop_G6,sym,0,2,0,1.41
hu_raise,symtop_G6,tight,0,2,0,1.41
hu_raise,symtop_G10,sym,0,0,0,0.0
hu_raise,symtop_G10,tight,0,0,0,0.0
hu_raise,gmax_16,sym,0,2,0,1.41
hu_raise,gmax_16,tight,0,0,0,0.0
hu_raise,gmax_25,sym,0,0,0,0.0
hu_raise,gmax_25,tight,0,0,0,0.0
hu_raise,gmax_40,sym,0,0,0,0.0
hu_raise,gmax_40,tight,0,0,0,0.0
hu_raise,deficit_10,sym,0,0,0,0.0
hu_raise,deficit_10,tight,0,0,0,0.0
hu_raise,deficit_16,sym,0,0,0,0.0
hu_raise,deficit_16,tight,0,0,0,0.0
hu_raise,deficit_25,sym,0,0,0,0.0
hu_raise,deficit_25,tight,0,0,0,0.0
flow,dirtop_G6,sym,275,286,2,0.46
flow,dirtop_G6,tight,53,53,1,0.0
flow,dirtop_G10,sym,46,52,0,0.61
flow,dirtop_G10,tight,9,10,0,0.23
flow,dirtop_G16,sym,1,1,0,0.0
flow,dirtop_G16,tight,0,0,0,0.0
flow,dirtop_G25,sym,0,0,0,0.0
flow,dirtop_G25,tight,0,0,0,0.0
flow,symtop_G3,sym,4,8,0,1.15
flow,symtop_G3,tight,1,4,0,1.34
flow,symtop_G6,sym,2,0,0,-1.41
flow,symtop_G6,tight,0,0,0,0.0
flow,symtop_G10,sym,0,0,0,0.0
flow,symtop_G10,tight,0,0,0,0.0
flow,gmax_16,sym,1,1,0,0.0
flow,gmax_16,tight,0,0,0,0.0
flow,gmax_25,sym,0,0,0,0.0
flow,gmax_25,tight,0,0,0,0.0
flow,gmax_40,sym,0,0,0,0.0
flow,gmax_40,tight,0,0,0,0.0
flow,deficit_10,sym,107,96,1,-0.77
flow,deficit_10,tight,24,18,0,-0.93
flow,deficit_16,sym,3,4,0,0.38
flow,deficit_16,tight,0,1,0,1.0
flow,deficit_25,sym,0,0,0,0.0
flow,deficit_25,tight,0,0,0,0.0
flow_big,dirtop_G6,sym,648,643,14,-0.14
flow_big,dirtop_G6,tight,117,117,2,0.0
flow_big,dirtop_G10,sym,116,129,1,0.83
flow_big,dirtop_G10,tight,25,20,1,-0.75
flow_big,dirtop_G16,sym,13,20,1,1.22
flow_big,dirtop_G16,tight,4,2,1,-0.82
flow_big,dirtop_G25,sym,0,0,0,0.0
flow_big,dirtop_G25,tight,0,0,0,0.0
flow_big,symtop_G3,sym,28,40,0,1.46
flow_big,symtop_G3,tight,2,4,0,0.82
flow_big,symtop_G6,sym,4,4,0,0.0
flow_big,symtop_G6,tight,1,1,0,0.0
flow_big,symtop_G10,sym,0,0,0,0.0
flow_big,symtop_G10,tight,0,0,0,0.0
flow_big,gmax_16,sym,13,20,1,1.22
flow_big,gmax_16,tight,4,2,1,-0.82
flow_big,gmax_25,sym,0,0,0,0.0
flow_big,gmax_25,tight,0,0,0,0.0
flow_big,gmax_40,sym,0,0,0,0.0
flow_big,gmax_40,tight,0,0,0,0.0
flow_big,deficit_10,sym,6,3,0,-1.0
flow_big,deficit_10,tight,1,0,0,-1.0
flow_big,deficit_16,sym,0,0,0,0.0
flow_big,deficit_16,tight,0,0,0,0.0
flow_big,deficit_25,sym,0,0,0,0.0
flow_big,deficit_25,tight,0,0,0,0.0
imp5,dirtop_G6,sym,469,439,6,-1.0
imp5,dirtop_G6,tight,109,94,2,-1.05
imp5,dirtop_G10,sym,76,76,0,0.0
imp5,dirtop_G10,tight,20,11,0,-1.62
imp5,dirtop_G16,sym,4,5,0,0.33
imp5,dirtop_G16,tight,0,0,0,0.0
imp5,dirtop_G25,sym,0,0,0,0.0
imp5,dirtop_G25,tight,0,0,0,0.0
imp5,symtop_G3,sym,211,212,0,0.05
imp5,symtop_G3,tight,55,39,0,-1.65
imp5,symtop_G6,sym,48,59,0,1.06
imp5,symtop_G6,tight,12,8,0,-0.89
imp5,symtop_G10,sym,3,7,0,1.26
imp5,symtop_G10,tight,3,0,0,-1.73
imp5,gmax_16,sym,5,5,0,0.0
imp5,gmax_16,tight,0,0,0,0.0
imp5,gmax_25,sym,0,0,0,0.0
imp5,gmax_25,tight,0,0,0,0.0
imp5,gmax_40,sym,0,0,0,0.0
imp5,gmax_40,tight,0,0,0,0.0
imp5,deficit_10,sym,161,230,3,3.49
imp5,deficit_10,tight,27,29,0,0.27
imp5,deficit_16,sym,10,8,0,-0.47
imp5,deficit_16,tight,1,0,0,-1.0
imp5,deficit_25,sym,0,0,0,0.0
imp5,deficit_25,tight,0,0,0,0.0
both_sd,dirtop_G6,sym,59,55,0,-0.37
both_sd,dirtop_G6,tight,14,10,0,-0.82
both_sd,dirtop_G10,sym,3,5,0,0.71
both_sd,dirtop_G10,tight,1,3,0,1.0
both_sd,dirtop_G16,sym,0,0,0,0.0
both_sd,dirtop_G16,tight,0,0,0,0.0
both_sd,dirtop_G25,sym,0,0,0,0.0
both_sd,dirtop_G25,tight,0,0,0,0.0
both_sd,symtop_G3,sym,506,480,7,-0.83
both_sd,symtop_G3,tight,102,104,1,0.14
both_sd,symtop_G6,sym,59,55,0,-0.37
both_sd,symtop_G6,tight,14,10,0,-0.82
both_sd,symtop_G10,sym,3,5,0,0.71
both_sd,symtop_G10,tight,1,3,0,1.0
both_sd,gmax_16,sym,0,0,0,0.0
both_sd,gmax_16,tight,0,0,0,0.0
both_sd,gmax_25,sym,0,0,0,0.0
both_sd,gmax_25,tight,0,0,0,0.0
both_sd,gmax_40,sym,0,0,0,0.0
both_sd,gmax_40,tight,0,0,0,0.0
both_sd,deficit_10,sym,136,146,1,0.6
both_sd,deficit_10,tight,21,23,0,0.3
both_sd,deficit_16,sym,7,11,0,0.94
both_sd,deficit_16,tight,0,2,0,1.41
both_sd,deficit_25,sym,0,0,0,0.0
both_sd,deficit_25,tight,0,0,0,0.0
foldpost_Ysd,dirtop_G6,sym,288,284,3,-0.17
foldpost_Ysd,dirtop_G6,tight,51,57,2,0.58
foldpost_Ysd,dirtop_G10,sym,30,36,0,0.74
foldpost_Ysd,dirtop_G10,tight,5,5,0,0.0
foldpost_Ysd,dirtop_G16,sym,0,1,0,1.0
foldpost_Ysd,dirtop_G16,tight,0,1,0,1.0
foldpost_Ysd,dirtop_G25,sym,0,0,0,0.0
foldpost_Ysd,dirtop_G25,tight,0,0,0,0.0
foldpost_Ysd,symtop_G3,sym,9,12,0,0.65
foldpost_Ysd,symtop_G3,tight,1,0,0,-1.0
foldpost_Ysd,symtop_G6,sym,0,0,0,0.0
foldpost_Ysd,symtop_G6,tight,0,0,0,0.0
foldpost_Ysd,symtop_G10,sym,0,0,0,0.0
foldpost_Ysd,symtop_G10,tight,0,0,0,0.0
foldpost_Ysd,gmax_16,sym,0,1,0,1.0
foldpost_Ysd,gmax_16,tight,0,1,0,1.0
foldpost_Ysd,gmax_25,sym,0,0,0,0.0
foldpost_Ysd,gmax_25,tight,0,0,0,0.0
foldpost_Ysd,gmax_40,sym,0,0,0,0.0
foldpost_Ysd,gmax_40,tight,0,0,0,0.0
foldpost_Ysd,deficit_10,sym,3,0,0,-1.73
foldpost_Ysd,deficit_10,tight,0,0,0,0.0
foldpost_Ysd,deficit_16,sym,0,0,0,0.0
foldpost_Ysd,deficit_16,tight,0,0,0,0.0
foldpost_Ysd,deficit_25,sym,0,0,0,0.0
foldpost_Ysd,deficit_25,tight,0,0,0,0.0
betfold_Y,dirtop_G6,sym,1,2,0,0.58
betfold_Y,dirtop_G6,tight,0,0,0,0.0
betfold_Y,dirtop_G10,sym,0,0,0,0.0
betfold_Y,dirtop_G10,tight,0,0,0,0.0
betfold_Y,dirtop_G16,sym,0,0,0,0.0
betfold_Y,dirtop_G16,tight,0,0,0,0.0
betfold_Y,dirtop_G25,sym,0,0,0,0.0
betfold_Y,dirtop_G25,tight,0,0,0,0.0
betfold_Y,symtop_G3,sym,0,0,0,0.0
betfold_Y,symtop_G3,tight,0,0,0,0.0
betfold_Y,symtop_G6,sym,0,0,0,0.0
betfold_Y,symtop_G6,tight,0,0,0,0.0
betfold_Y,symtop_G10,sym,0,0,0,0.0
betfold_Y,symtop_G10,tight,0,0,0,0.0
betfold_Y,gmax_16,sym,0,0,0,0.0
betfold_Y,gmax_16,tight,0,0,0,0.0
betfold_Y,gmax_25,sym,0,0,0,0.0
betfold_Y,gmax_25,tight,0,0,0,0.0
betfold_Y,gmax_40,sym,0,0,0,0.0
betfold_Y,gmax_40,tight,0,0,0,0.0
betfold_Y,deficit_10,sym,0,0,0,0.0
betfold_Y,deficit_10,tight,0,0,0,0.0
betfold_Y,deficit_16,sym,0,0,0,0.0
betfold_Y,deficit_16,tight,0,0,0,0.0
betfold_Y,deficit_25,sym,0,0,0,0.0
betfold_Y,deficit_25,tight,0,0,0,0.0
pot3_Ywins,dirtop_G6,sym,47,51,0,0.4
pot3_Ywins,dirtop_G6,tight,13,11,0,-0.41
pot3_Ywins,dirtop_G10,sym,1,2,0,0.58
pot3_Ywins,dirtop_G10,tight,1,0,0,-1.0
pot3_Ywins,dirtop_G16,sym,0,0,0,0.0
pot3_Ywins,dirtop_G16,tight,0,0,0,0.0
pot3_Ywins,dirtop_G25,sym,0,0,0,0.0
pot3_Ywins,dirtop_G25,tight,0,0,0,0.0
pot3_Ywins,symtop_G3,sym,0,0,0,0.0
pot3_Ywins,symtop_G3,tight,0,0,0,0.0
pot3_Ywins,symtop_G6,sym,0,0,0,0.0
pot3_Ywins,symtop_G6,tight,0,0,0,0.0
pot3_Ywins,symtop_G10,sym,0,0,0,0.0
pot3_Ywins,symtop_G10,tight,0,0,0,0.0
pot3_Ywins,gmax_16,sym,0,0,0,0.0
pot3_Ywins,gmax_16,tight,0,0,0,0.0
pot3_Ywins,gmax_25,sym,0,0,0,0.0
pot3_Ywins,gmax_25,tight,0,0,0,0.0
pot3_Ywins,gmax_40,sym,0,0,0,0.0
pot3_Ywins,gmax_40,tight,0,0,0,0.0
pot3_Ywins,deficit_10,sym,0,3,0,1.73
pot3_Ywins,deficit_10,tight,0,1,0,1.0
pot3_Ywins,deficit_16,sym,0,0,0,0.0
pot3_Ywins,deficit_16,tight,0,0,0,0.0
pot3_Ywins,deficit_25,sym,0,0,0,0.0
pot3_Ywins,deficit_25,tight,0,0,0,0.0
cojoin,dirtop_G6,sym,21,29,0,1.13
cojoin,dirtop_G6,tight,2,3,0,0.45
cojoin,dirtop_G10,sym,1,1,0,0.0
cojoin,dirtop_G10,tight,0,0,0,0.0
cojoin,dirtop_G16,sym,0,0,0,0.0
cojoin,dirtop_G16,tight,0,0,0,0.0
cojoin,dirtop_G25,sym,0,0,0,0.0
cojoin,dirtop_G25,tight,0,0,0,0.0
cojoin,symtop_G3,sym,98,102,0,0.28
cojoin,symtop_G3,tight,25,14,0,-1.76
cojoin,symtop_G6,sym,2,2,0,0.0
cojoin,symtop_G6,tight,0,0,0,0.0
cojoin,symtop_G10,sym,0,0,0,0.0
cojoin,symtop_G10,tight,0,0,0,0.0
cojoin,gmax_16,sym,0,0,0,0.0
cojoin,gmax_16,tight,0,0,0,0.0
cojoin,gmax_25,sym,0,0,0,0.0
cojoin,gmax_25,tight,0,0,0,0.0
cojoin,gmax_40,sym,0,0,0,0.0
cojoin,gmax_40,tight,0,0,0,0.0
cojoin,deficit_10,sym,0,0,0,0.0
cojoin,deficit_10,tight,0,0,0,0.0
cojoin,deficit_16,sym,0,0,0,0.0
cojoin,deficit_16,tight,0,0,0,0.0
cojoin,deficit_25,sym,0,0,0,0.0
cojoin,deficit_25,tight,0,0,0,0.0
coleave,dirtop_G6,sym,24,16,0,-1.26
coleave,dirtop_G6,tight,4,3,0,-0.38
coleave,dirtop_G10,sym,0,0,0,0.0
coleave,dirtop_G10,tight,0,0,0,0.0
coleave,dirtop_G16,sym,0,0,0,0.0
coleave,dirtop_G16,tight,0,0,0,0.0
coleave,dirtop_G25,sym,0,0,0,0.0
coleave,dirtop_G25,tight,0,0,0,0.0
coleave,symtop_G3,sym,102,103,0,0.07
coleave,symtop_G3,tight,20,15,0,-0.85
coleave,symtop_G6,sym,4,1,0,-1.34
coleave,symtop_G6,tight,0,1,0,1.0
coleave,symtop_G10,sym,0,0,0,0.0
coleave,symtop_G10,tight,0,0,0,0.0
coleave,gmax_16,sym,0,0,0,0.0
coleave,gmax_16,tight,0,0,0,0.0
coleave,gmax_25,sym,0,0,0,0.0
coleave,gmax_25,tight,0,0,0,0.0
coleave,gmax_40,sym,0,0,0,0.0
coleave,gmax_40,tight,0,0,0,0.0
coleave,deficit_10,sym,0,1,0,1.0
coleave,deficit_10,tight,0,0,0,0.0
coleave,deficit_16,sym,0,0,0,0.0
coleave,deficit_16,tight,0,0,0,0.0
coleave,deficit_25,sym,0,0,0,0.0
coleave,deficit_25,tight,0,0,0,0.0
sd_win_vsY,dirtop_G6,sym,1,0,0,-1.0
sd_win_vsY,dirtop_G6,tight,1,0,0,-1.0
sd_win_vsY,dirtop_G10,sym,0,0,0,0.0
sd_win_vsY,dirtop_G10,tight,0,0,0,0.0
sd_win_vsY,dirtop_G16,sym,0,0,0,0.0
sd_win_vsY,dirtop_G16,tight,0,0,0,0.0
sd_win_vsY,dirtop_G25,sym,0,0,0,0.0
sd_win_vsY,dirtop_G25,tight,0,0,0,0.0
sd_win_vsY,symtop_G3,sym,0,0,0,0.0
sd_win_vsY,symtop_G3,tight,0,0,0,0.0
sd_win_vsY,symtop_G6,sym,0,0,0,0.0
sd_win_vsY,symtop_G6,tight,0,0,0,0.0
sd_win_vsY,symtop_G10,sym,0,0,0,0.0
sd_win_vsY,symtop_G10,tight,0,0,0,0.0
sd_win_vsY,gmax_16,sym,0,0,0,0.0
sd_win_vsY,gmax_16,tight,0,0,0,0.0
sd_win_vsY,gmax_25,sym,0,0,0,0.0
sd_win_vsY,gmax_25,tight,0,0,0,0.0
sd_win_vsY,gmax_40,sym,0,0,0,0.0
sd_win_vsY,gmax_40,tight,0,0,0,0.0
sd_win_vsY,deficit_10,sym,0,1,0,1.0
sd_win_vsY,deficit_10,tight,0,1,0,1.0
sd_win_vsY,deficit_16,sym,0,0,0,0.0
sd_win_vsY,deficit_16,tight,0,0,0,0.0
sd_win_vsY,deficit_25,sym,0,0,0,0.0
sd_win_vsY,deficit_25,tight,0,0,0,0.0
call_Yallin,dirtop_G6,sym,0,0,0,0.0
call_Yallin,dirtop_G6,tight,0,0,0,0.0
call_Yallin,dirtop_G10,sym,0,0,0,0.0
call_Yallin,dirtop_G10,tight,0,0,0,0.0
call_Yallin,dirtop_G16,sym,0,0,0,0.0
call_Yallin,dirtop_G16,tight,0,0,0,0.0
call_Yallin,dirtop_G25,sym,0,0,0,0.0
call_Yallin,dirtop_G25,tight,0,0,0,0.0
call_Yallin,symtop_G3,sym,0,0,0,0.0
call_Yallin,symtop_G3,tight,0,0,0,0.0
call_Yallin,symtop_G6,sym,0,0,0,0.0
call_Yallin,symtop_G6,tight,0,0,0,0.0
call_Yallin,symtop_G10,sym,0,0,0,0.0
call_Yallin,symtop_G10,tight,0,0,0,0.0
call_Yallin,gmax_16,sym,0,0,0,0.0
call_Yallin,gmax_16,tight,0,0,0,0.0
call_Yallin,gmax_25,sym,0,0,0,0.0
call_Yallin,gmax_25,tight,0,0,0,0.0
call_Yallin,gmax_40,sym,0,0,0,0.0
call_Yallin,gmax_40,tight,0,0,0,0.0
call_Yallin,deficit_10,sym,0,0,0,0.0
call_Yallin,deficit_10,tight,0,0,0,0.0
call_Yallin,deficit_16,sym,0,0,0,0.0
call_Yallin,deficit_16,tight,0,0,0,0.0
call_Yallin,deficit_25,sym,0,0,0,0.0
call_Yallin,deficit_25,tight,0,0,0,0.0
foldeq50_Yactive,dirtop_G6,sym,83,82,1,-0.08
foldeq50_Yactive,dirtop_G6,tight,11,8,0,-0.69
foldeq50_Yactive,dirtop_G10,sym,5,2,0,-1.13
foldeq50_Yactive,dirtop_G10,tight,0,0,0,0.0
foldeq50_Yactive,dirtop_G16,sym,0,0,0,0.0
foldeq50_Yactive,dirtop_G16,tight,0,0,0,0.0
foldeq50_Yactive,dirtop_G25,sym,0,0,0,0.0
foldeq50_Yactive,dirtop_G25,tight,0,0,0,0.0
foldeq50_Yactive,symtop_G3,sym,2,4,0,0.82
foldeq50_Yactive,symtop_G3,tight,0,0,0,0.0
foldeq50_Yactive,symtop_G6,sym,0,0,0,0.0
foldeq50_Yactive,symtop_G6,tight,0,0,0,0.0
foldeq50_Yactive,symtop_G10,sym,0,0,0,0.0
foldeq50_Yactive,symtop_G10,tight,0,0,0,0.0
foldeq50_Yactive,gmax_16,sym,0,0,0,0.0
foldeq50_Yactive,gmax_16,tight,0,0,0,0.0
foldeq50_Yactive,gmax_25,sym,0,0,0,0.0
foldeq50_Yactive,gmax_25,tight,0,0,0,0.0
foldeq50_Yactive,gmax_40,sym,0,0,0,0.0
foldeq50_Yactive,gmax_40,tight,0,0,0,0.0
foldeq50_Yactive,deficit_10,sym,0,2,0,1.41
foldeq50_Yactive,deficit_10,tight,0,0,0,0.0
foldeq50_Yactive,deficit_16,sym,0,0,0,0.0
foldeq50_Yactive,deficit_16,tight,0,0,0,0.0
foldeq50_Yactive,deficit_25,sym,0,0,0,0.0
foldeq50_Yactive,deficit_25,tight,0,0,0,0.0
hu_smallbet,dirtop_G6,sym,149,179,1,1.66
hu_smallbet,dirtop_G6,tight,28,26,0,-0.27
hu_smallbet,dirtop_G10,sym,13,10,0,-0.63
hu_smallbet,dirtop_G10,tight,3,0,0,-1.73
hu_smallbet,dirtop_G16,sym,0,0,0,0.0
hu_smallbet,dirtop_G16,tight,0,0,0,0.0
hu_smallbet,dirtop_G25,sym,0,0,0,0.0
hu_smallbet,dirtop_G25,tight,0,0,0,0.0
hu_smallbet,symtop_G3,sym,33,27,0,-0.77
hu_smallbet,symtop_G3,tight,7,10,0,0.73
hu_smallbet,symtop_G6,sym,1,0,0,-1.0
hu_smallbet,symtop_G6,tight,1,0,0,-1.0
hu_smallbet,symtop_G10,sym,0,0,0,0.0
hu_smallbet,symtop_G10,tight,0,0,0,0.0
hu_smallbet,gmax_16,sym,0,0,0,0.0
hu_smallbet,gmax_16,tight,0,0,0,0.0
hu_smallbet,gmax_25,sym,0,0,0,0.0
hu_smallbet,gmax_25,tight,0,0,0,0.0
hu_smallbet,gmax_40,sym,0,0,0,0.0
hu_smallbet,gmax_40,tight,0,0,0,0.0
hu_smallbet,deficit_10,sym,0,0,0,0.0
hu_smallbet,deficit_10,tight,0,0,0,0.0
hu_smallbet,deficit_16,sym,0,0,0,0.0
hu_smallbet,deficit_16,tight,0,0,0,0.0
hu_smallbet,deficit_25,sym,0,0,0,0.0
hu_smallbet,deficit_25,tight,0,0,0,0.0
mw_bigbet,dirtop_G6,sym,5,3,0,-0.71
mw_bigbet,dirtop_G6,tight,1,0,0,-1.0
mw_bigbet,dirtop_G10,sym,0,0,0,0.0
mw_bigbet,dirtop_G10,tight,0,0,0,0.0
mw_bigbet,dirtop_G16,sym,0,0,0,0.0
mw_bigbet,dirtop_G16,tight,0,0,0,0.0
mw_bigbet,dirtop_G25,sym,0,0,0,0.0
mw_bigbet,dirtop_G25,tight,0,0,0,0.0
mw_bigbet,symtop_G3,sym,0,0,0,0.0
mw_bigbet,symtop_G3,tight,0,0,0,0.0
mw_bigbet,symtop_G6,sym,0,0,0,0.0
mw_bigbet,symtop_G6,tight,0,0,0,0.0
mw_bigbet,symtop_G10,sym,0,0,0,0.0
mw_bigbet,symtop_G10,tight,0,0,0,0.0
mw_bigbet,gmax_16,sym,0,0,0,0.0
mw_bigbet,gmax_16,tight,0,0,0,0.0
mw_bigbet,gmax_25,sym,0,0,0,0.0
mw_bigbet,gmax_25,tight,0,0,0,0.0
mw_bigbet,gmax_40,sym,0,0,0,0.0
mw_bigbet,gmax_40,tight,0,0,0,0.0
mw_bigbet,deficit_10,sym,0,1,0,1.0
mw_bigbet,deficit_10,tight,0,0,0,0.0
mw_bigbet,deficit_16,sym,0,0,0,0.0
mw_bigbet,deficit_16,tight,0,0,0,0.0
mw_bigbet,deficit_25,sym,0,0,0,0.0
mw_bigbet,deficit_25,tight,0,0,0,0.0
pf_fold_first_Yin,dirtop_G6,sym,1,2,0,0.58
pf_fold_first_Yin,dirtop_G6,tight,1,0,0,-1.0
pf_fold_first_Yin,dirtop_G10,sym,0,0,0,0.0
pf_fold_first_Yin,dirtop_G10,tight,0,0,0,0.0
pf_fold_first_Yin,dirtop_G16,sym,0,0,0,0.0
pf_fold_first_Yin,dirtop_G16,tight,0,0,0,0.0
pf_fold_first_Yin,dirtop_G25,sym,0,0,0,0.0
pf_fold_first_Yin,dirtop_G25,tight,0,0,0,0.0
pf_fold_first_Yin,symtop_G3,sym,0,0,0,0.0
pf_fold_first_Yin,symtop_G3,tight,0,0,0,0.0
pf_fold_first_Yin,symtop_G6,sym,0,0,0,0.0
pf_fold_first_Yin,symtop_G6,tight,0,0,0,0.0
pf_fold_first_Yin,symtop_G10,sym,0,0,0,0.0
pf_fold_first_Yin,symtop_G10,tight,0,0,0,0.0
pf_fold_first_Yin,gmax_16,sym,0,0,0,0.0
pf_fold_first_Yin,gmax_16,tight,0,0,0,0.0
pf_fold_first_Yin,gmax_25,sym,0,0,0,0.0
pf_fold_first_Yin,gmax_25,tight,0,0,0,0.0
pf_fold_first_Yin,gmax_40,sym,0,0,0,0.0
pf_fold_first_Yin,gmax_40,tight,0,0,0,0.0
pf_fold_first_Yin,deficit_10,sym,6,4,0,-0.63
pf_fold_first_Yin,deficit_10,tight,3,0,0,-1.73
pf_fold_first_Yin,deficit_16,sym,0,0,0,0.0
pf_fold_first_Yin,deficit_16,tight,0,0,0,0.0
pf_fold_first_Yin,deficit_25,sym,0,0,0,0.0
pf_fold_first_Yin,deficit_25,tight,0,0,0,0.0
pf_raise_first_Yin,dirtop_G6,sym,292,290,5,-0.08
pf_raise_first_Yin,dirtop_G6,tight,53,58,1,0.47
pf_raise_first_Yin,dirtop_G10,sym,24,31,0,0.94
pf_raise_first_Yin,dirtop_G10,tight,4,7,0,0.9
pf_raise_first_Yin,dirtop_G16,sym,0,0,0,0.0
pf_raise_first_Yin,dirtop_G16,tight,0,0,0,0.0
pf_raise_first_Yin,dirtop_G25,sym,0,0,0,0.0
pf_raise_first_Yin,dirtop_G25,tight,0,0,0,0.0
pf_raise_first_Yin,symtop_G3,sym,19,13,0,-1.06
pf_raise_first_Yin,symtop_G3,tight,6,1,0,-1.89
pf_raise_first_Yin,symtop_G6,sym,1,1,0,0.0
pf_raise_first_Yin,symtop_G6,tight,1,0,0,-1.0
pf_raise_first_Yin,symtop_G10,sym,0,0,0,0.0
pf_raise_first_Yin,symtop_G10,tight,0,0,0,0.0
pf_raise_first_Yin,gmax_16,sym,0,0,0,0.0
pf_raise_first_Yin,gmax_16,tight,0,0,0,0.0
pf_raise_first_Yin,gmax_25,sym,0,0,0,0.0
pf_raise_first_Yin,gmax_25,tight,0,0,0,0.0
pf_raise_first_Yin,gmax_40,sym,0,0,0,0.0
pf_raise_first_Yin,gmax_40,tight,0,0,0,0.0
pf_raise_first_Yin,deficit_10,sym,24,32,0,1.07
pf_raise_first_Yin,deficit_10,tight,1,3,0,1.0
pf_raise_first_Yin,deficit_16,sym,0,0,0,0.0
pf_raise_first_Yin,deficit_16,tight,0,0,0,0.0
pf_raise_first_Yin,deficit_25,sym,0,0,0,0.0
pf_raise_first_Yin,deficit_25,tight,0,0,0,0.0
hu_checkdown,dirtop_G6,sym,9,17,0,1.57
hu_checkdown,dirtop_G6,tight,0,3,0,1.73
hu_checkdown,dirtop_G10,sym,0,0,0,0.0
hu_checkdown,dirtop_G10,tight,0,0,0,0.0
hu_checkdown,dirtop_G16,sym,0,0,0,0.0
hu_checkdown,dirtop_G16,tight,0,0,0,0.0
hu_checkdown,dirtop_G25,sym,0,0,0,0.0
hu_checkdown,dirtop_G25,tight,0,0,0,0.0
hu_checkdown,symtop_G3,sym,240,228,1,-0.55
hu_checkdown,symtop_G3,tight,54,40,0,-1.44
hu_checkdown,symtop_G6,sym,9,17,0,1.57
hu_checkdown,symtop_G6,tight,0,3,0,1.73
hu_checkdown,symtop_G10,sym,0,0,0,0.0
hu_checkdown,symtop_G10,tight,0,0,0,0.0
hu_checkdown,gmax_16,sym,0,0,0,0.0
hu_checkdown,gmax_16,tight,0,0,0,0.0
hu_checkdown,gmax_25,sym,0,0,0,0.0
hu_checkdown,gmax_25,tight,0,0,0,0.0
hu_checkdown,gmax_40,sym,0,0,0,0.0
hu_checkdown,gmax_40,tight,0,0,0,0.0
hu_checkdown,deficit_10,sym,81,70,0,-0.9
hu_checkdown,deficit_10,tight,12,8,0,-0.89
hu_checkdown,deficit_16,sym,3,2,0,-0.45
hu_checkdown,deficit_16,tight,1,1,0,0.0
hu_checkdown,deficit_25,sym,0,0,0,0.0
hu_checkdown,deficit_25,tight,0,0,0,0.0
pre_both_vol,dirtop_G6,sym,120,130,0,0.63
pre_both_vol,dirtop_G6,tight,25,24,0,-0.14
pre_both_vol,dirtop_G10,sym,23,37,0,1.81
pre_both_vol,dirtop_G10,tight,6,5,0,-0.3
pre_both_vol,dirtop_G16,sym,0,0,0,0.0
pre_both_vol,dirtop_G16,tight,0,0,0,0.0
pre_both_vol,dirtop_G25,sym,0,0,0,0.0
pre_both_vol,dirtop_G25,tight,0,0,0,0.0
pre_both_vol,symtop_G3,sym,358,358,2,0.0
pre_both_vol,symtop_G3,tight,85,83,0,-0.15
pre_both_vol,symtop_G6,sym,120,130,0,0.63
pre_both_vol,symtop_G6,tight,25,24,0,-0.14
pre_both_vol,symtop_G10,sym,23,37,0,1.81
pre_both_vol,symtop_G10,tight,6,5,0,-0.3
pre_both_vol,gmax_16,sym,2,2,0,0.0
pre_both_vol,gmax_16,tight,0,0,0,0.0
pre_both_vol,gmax_25,sym,0,0,0,0.0
pre_both_vol,gmax_25,tight,0,0,0,0.0
pre_both_vol,gmax_40,sym,0,0,0,0.0
pre_both_vol,gmax_40,tight,0,0,0,0.0
pre_both_vol,deficit_10,sym,617,610,12,-0.2
pre_both_vol,deficit_10,tight,131,118,2,-0.82
pre_both_vol,deficit_16,sym,121,120,1,-0.06
pre_both_vol,deficit_16,tight,28,23,0,-0.7
pre_both_vol,deficit_25,sym,10,5,0,-1.29
pre_both_vol,deficit_25,tight,2,2,0,0.0
third_folds_pair,dirtop_G6,sym,630,529,11,-2.97
third_folds_pair,dirtop_G6,tight,121,105,4,-1.06
third_folds_pair,dirtop_G10,sym,169,147,1,-1.24
third_folds_pair,dirtop_G10,tight,32,25,0,-0.93
third_folds_pair,dirtop_G16,sym,26,14,0,-1.9
third_folds_pair,dirtop_G16,tight,4,4,0,0.0
third_folds_pair,dirtop_G25,sym,0,0,0,0.0
third_folds_pair,dirtop_G25,tight,0,0,0,0.0
third_folds_pair,symtop_G3,sym,42,28,0,-1.67
third_folds_pair,symtop_G3,tight,9,5,0,-1.07
third_folds_pair,symtop_G6,sym,7,7,0,0.0
third_folds_pair,symtop_G6,tight,1,1,0,0.0
third_folds_pair,symtop_G10,sym,1,1,0,0.0
third_folds_pair,symtop_G10,tight,0,1,0,1.0
third_folds_pair,gmax_16,sym,30,16,0,-2.06
third_folds_pair,gmax_16,tight,4,5,0,0.33
third_folds_pair,gmax_25,sym,0,0,0,0.0
third_folds_pair,gmax_25,tight,0,0,0,0.0
third_folds_pair,gmax_40,sym,0,0,0,0.0
third_folds_pair,gmax_40,tight,0,0,0,0.0
third_folds_pair,deficit_10,sym,532,559,9,0.82
third_folds_pair,deficit_10,tight,101,101,2,0.0
third_folds_pair,deficit_16,sym,49,66,0,1.59
third_folds_pair,deficit_16,tight,10,8,0,-0.47
third_folds_pair,deficit_25,sym,3,2,0,-0.45
third_folds_pair,deficit_25,tight,0,0,0,0.0
gift_to_Y,dirtop_G6,sym,408,400,8,-0.28
gift_to_Y,dirtop_G6,tight,92,70,1,-1.73
gift_to_Y,dirtop_G10,sym,43,35,0,-0.91
gift_to_Y,dirtop_G10,tight,10,5,0,-1.29
gift_to_Y,dirtop_G16,sym,4,1,0,-1.34
gift_to_Y,dirtop_G16,tight,2,0,0,-1.41
gift_to_Y,dirtop_G25,sym,0,0,0,0.0
gift_to_Y,dirtop_G25,tight,0,0,0,0.0
gift_to_Y,symtop_G3,sym,18,19,0,0.16
gift_to_Y,symtop_G3,tight,1,1,0,0.0
gift_to_Y,symtop_G6,sym,1,1,0,0.0
gift_to_Y,symtop_G6,tight,0,0,0,0.0
gift_to_Y,symtop_G10,sym,0,0,0,0.0
gift_to_Y,symtop_G10,tight,0,0,0,0.0
gift_to_Y,gmax_16,sym,4,1,0,-1.34
gift_to_Y,gmax_16,tight,2,0,0,-1.41
gift_to_Y,gmax_25,sym,0,0,0,0.0
gift_to_Y,gmax_25,tight,0,0,0,0.0
gift_to_Y,gmax_40,sym,0,0,0,0.0
gift_to_Y,gmax_40,tight,0,0,0,0.0
gift_to_Y,deficit_10,sym,13,18,0,0.9
gift_to_Y,deficit_10,tight,3,1,0,-1.0
gift_to_Y,deficit_16,sym,0,0,0,0.0
gift_to_Y,deficit_16,tight,0,0,0,0.0
gift_to_Y,deficit_25,sym,0,0,0,0.0
gift_to_Y,deficit_25,tight,0,0,0,0.0
allin_Yactive,dirtop_G6,sym,958,937,30,-0.48
allin_Yactive,dirtop_G6,tight,193,174,6,-0.99
allin_Yactive,dirtop_G10,sym,536,503,9,-1.02
allin_Yactive,dirtop_G10,tight,108,104,1,-0.27
allin_Yactive,dirtop_G16,sym,63,42,0,-2.05
allin_Yactive,dirtop_G16,tight,9,5,0,-1.07
allin_Yactive,dirtop_G25,sym,16,8,0,-1.63
allin_Yactive,dirtop_G25,tight,3,2,0,-0.45
allin_Yactive,symtop_G3,sym,67,45,0,-2.08
allin_Yactive,symtop_G3,tight,10,8,0,-0.47
allin_Yactive,symtop_G6,sym,24,12,0,-2.0
allin_Yactive,symtop_G6,tight,2,3,0,0.45
allin_Yactive,symtop_G10,sym,8,2,0,-1.9
allin_Yactive,symtop_G10,tight,0,0,0,0.0
allin_Yactive,gmax_16,sym,63,48,0,-1.42
allin_Yactive,gmax_16,tight,9,7,0,-0.5
allin_Yactive,gmax_25,sym,16,8,0,-1.63
allin_Yactive,gmax_25,tight,3,2,0,-0.45
allin_Yactive,gmax_40,sym,2,0,0,-1.41
allin_Yactive,gmax_40,tight,0,0,0,0.0
allin_Yactive,deficit_10,sym,0,0,0,0.0
allin_Yactive,deficit_10,tight,0,0,0,0.0
allin_Yactive,deficit_16,sym,0,0,0,0.0
allin_Yactive,deficit_16,tight,0,0,0,0.0
allin_Yactive,deficit_25,sym,0,0,0,0.0
allin_Yactive,deficit_25,tight,0,0,0,0.0
limp_first,dirtop_G6,sym,126,134,1,0.5
limp_first,dirtop_G6,tight,27,26,0,-0.14
limp_first,dirtop_G10,sym,9,15,0,1.22
limp_first,dirtop_G10,tight,3,3,0,0.0
limp_first,dirtop_G16,sym,0,1,0,1.0
limp_first,dirtop_G16,tight,0,0,0,0.0
limp_first,dirtop_G25,sym,0,0,0,0.0
limp_first,dirtop_G25,tight,0,0,0,0.0
limp_first,symtop_G3,sym,9,10,0,0.23
limp_first,symtop_G3,tight,2,0,0,-1.41
limp_first,symtop_G6,sym,2,3,0,0.45
limp_first,symtop_G6,tight,0,0,0,0.0
limp_first,symtop_G10,sym,0,0,0,0.0
limp_first,symtop_G10,tight,0,0,0,0.0
limp_first,gmax_16,sym,0,2,0,1.41
limp_first,gmax_16,tight,0,0,0,0.0
limp_first,gmax_25,sym,0,0,0,0.0
limp_first,gmax_25,tight,0,0,0,0.0
limp_first,gmax_40,sym,0,0,0,0.0
limp_first,gmax_40,tight,0,0,0,0.0
limp_first,deficit_10,sym,52,48,0,-0.4
limp_first,deficit_10,tight,13,6,0,-1.61
limp_first,deficit_16,sym,1,1,0,0.0
limp_first,deficit_16,tight,0,0,0,0.0
limp_first,deficit_25,sym,0,0,0,0.0
limp_first,deficit_25,tight,0,0,0,0.0
sum_imp,dirtop_G6,sym,1037,970,32,-1.5
sum_imp,dirtop_G6,tight,236,230,9,-0.28
sum_imp,dirtop_G10,sym,1036,970,32,-1.47
sum_imp,dirtop_G10,tight,236,230,9,-0.28
sum_imp,dirtop_G16,sym,1022,957,32,-1.46
sum_imp,dirtop_G16,tight,231,226,9,-0.23
sum_imp,dirtop_G25,sym,931,890,25,-0.96
sum_imp,dirtop_G25,tight,216,206,7,-0.49
sum_imp,symtop_G3,sym,148,137,1,-0.65
sum_imp,symtop_G3,tight,31,33,0,0.25
sum_imp,symtop_G6,sym,147,137,1,-0.59
sum_imp,symtop_G6,tight,31,33,0,0.25
sum_imp,symtop_G10,sym,145,130,1,-0.9
sum_imp,symtop_G10,tight,31,31,0,0.0
sum_imp,gmax_16,sym,4511,4450,839,-0.64
sum_imp,gmax_16,tight,898,916,174,0.42
sum_imp,gmax_25,sym,3022,3007,357,-0.19
sum_imp,gmax_25,tight,607,601,77,-0.17
sum_imp,gmax_40,sym,1633,1633,91,0.0
sum_imp,gmax_40,tight,347,339,24,-0.31
sum_imp,deficit_10,sym,5643,6235,1619,5.43
sum_imp,deficit_10,tight,1093,1231,308,2.86
sum_imp,deficit_16,sym,3117,3539,454,5.17
sum_imp,deficit_16,tight,581,670,81,2.52
sum_imp,deficit_25,sym,1101,1404,71,6.05
sum_imp,deficit_25,tight,179,228,8,2.43
sum_transfer,dirtop_G6,sym,1310,1217,49,-1.85
sum_transfer,dirtop_G6,tight,305,274,12,-1.29
sum_transfer,dirtop_G10,sym,1307,1217,49,-1.79
sum_transfer,dirtop_G10,tight,304,274,12,-1.25
sum_transfer,dirtop_G16,sym,1303,1212,49,-1.81
sum_transfer,dirtop_G16,tight,303,272,12,-1.29
sum_transfer,dirtop_G25,sym,1275,1186,49,-1.79
sum_transfer,dirtop_G25,tight,292,266,12,-1.1
sum_transfer,symtop_G3,sym,47,43,0,-0.42
sum_transfer,symtop_G3,tight,6,10,0,1.0
sum_transfer,symtop_G6,sym,46,43,0,-0.32
sum_transfer,symtop_G6,tight,6,10,0,1.0
sum_transfer,symtop_G10,sym,45,41,0,-0.43
sum_transfer,symtop_G10,tight,6,9,0,0.77
sum_transfer,gmax_16,sym,5982,6073,1777,0.83
sum_transfer,gmax_16,tight,1198,1245,355,0.95
sum_transfer,gmax_25,sym,4568,4561,892,-0.07
sum_transfer,gmax_25,tight,920,960,176,0.92
sum_transfer,gmax_40,sym,2851,2846,273,-0.07
sum_transfer,gmax_40,tight,576,602,51,0.76
sum_transfer,deficit_10,sym,6356,7092,2426,6.35
sum_transfer,deficit_10,tight,1196,1334,495,2.74
sum_transfer,deficit_16,sym,3435,4147,732,8.18
sum_transfer,deficit_16,tight,613,716,148,2.83
sum_transfer,deficit_25,sym,1285,1686,125,7.36
sum_transfer,deficit_25,tight,216,274,14,2.62
sum_gift,dirtop_G6,sym,1590,1506,83,-1.51
sum_gift,dirtop_G6,tight,324,333,23,0.35
sum_gift,dirtop_G10,sym,1582,1502,82,-1.44
sum_gift,dirtop_G10,tight,321,332,23,0.43
sum_gift,dirtop_G16,sym,1542,1465,80,-1.4
sum_gift,dirtop_G16,tight,314,326,21,0.47
sum_gift,dirtop_G25,sym,1392,1339,70,-1.01
sum_gift,dirtop_G25,tight,277,292,16,0.63
sum_gift,symtop_G3,sym,67,52,0,-1.38
sum_gift,symtop_G3,tight,14,13,0,-0.19
sum_gift,symtop_G6,sym,66,51,0,-1.39
sum_gift,symtop_G6,tight,14,13,0,-0.19
sum_gift,symtop_G10,sym,60,47,0,-1.26
sum_gift,symtop_G10,tight,13,13,0,0.0
sum_gift,gmax_16,sym,4198,4149,653,-0.54
sum_gift,gmax_16,tight,808,831,137,0.57
sum_gift,gmax_25,sym,2897,2929,297,0.42
sum_gift,gmax_25,tight,559,591,59,0.94
sum_gift,gmax_40,sym,1701,1731,84,0.51
sum_gift,gmax_40,tight,352,347,13,-0.19
sum_gift,deficit_10,sym,3624,4090,652,5.31
sum_gift,deficit_10,tight,649,702,106,1.44
sum_gift,deficit_16,sym,1234,1510,98,5.27
sum_gift,deficit_16,tight,194,252,11,2.75
sum_gift,deficit_25,sym,255,366,2,4.45
sum_gift,deficit_25,tight,35,55,0,2.11
