feat,auc_pos_vs_unk,auc_pos_vs_neg,auc_neg_vs_unk,med_pos,med_neg,med_unk,d_pu,d_pn,d_nu
shared_hands,0.514,0.522,0.493,112.0,108.5,110.0,0.014000000000000012,0.02200000000000002,0.007000000000000006
copresence_lift,0.507,0.518,0.49,0.9134,0.9052,0.9188,0.007000000000000006,0.018000000000000016,0.010000000000000009
copresence_min,0.513,0.523,0.491,0.2176,0.2129,0.2152,0.013000000000000012,0.02300000000000002,0.009000000000000008
both_vpip_rate,0.881,0.882,0.489,0.1866,0.0725,0.0753,0.381,0.382,0.01100000000000001
both_flop_rate,0.841,0.845,0.486,0.1486,0.0433,0.046,0.34099999999999997,0.345,0.014000000000000012
sd_tog_rate,0.856,0.856,0.498,0.043,0.0092,0.0091,0.356,0.356,0.0020000000000000018
hu_final_rate,0.798,0.796,0.496,0.1064,0.0598,0.0597,0.29800000000000004,0.29600000000000004,0.0040000000000000036
hu_flop_rate,0.811,0.816,0.486,0.0714,0.0262,0.027,0.31100000000000005,0.31599999999999995,0.014000000000000012
checkdown_share_of_huflop,0.615,0.61,0.504,0.0,0.0,0.0,0.11499999999999999,0.10999999999999999,0.0040000000000000036
both_aggr_rate,0.713,0.718,0.492,0.0598,0.0306,0.0314,0.21299999999999997,0.21799999999999997,0.008000000000000007
abs_net_flow_per100,0.734,0.732,0.498,82.7694,25.2907,24.6914,0.23399999999999999,0.23199999999999998,0.0020000000000000018
abs_net_flow_hu_per100,0.707,0.71,0.494,55.8526,17.6471,17.3248,0.20699999999999996,0.20999999999999996,0.006000000000000005
gross_flow_per100,0.806,0.807,0.494,209.3677,60.0161,61.7978,0.30600000000000005,0.30700000000000005,0.006000000000000005
flow_asym,0.533,0.529,0.504,0.5088,0.4891,0.4842,0.03300000000000003,0.029000000000000026,0.0040000000000000036
seat_adjacent_rate,0.517,0.526,0.491,0.3939,0.3825,0.3862,0.017000000000000015,0.026000000000000023,0.009000000000000008
aggr_v_min_rate,0.511,0.513,0.501,0.1437,0.15,0.1481,0.01100000000000001,0.013000000000000012,0.0010000000000000009
aggr_toward_minus_others_min,0.489,0.488,0.502,-0.0707,-0.0621,-0.0618,0.01100000000000001,0.01200000000000001,0.0020000000000000018
aggr_hu_min_rate,0.473,0.482,0.493,0.1579,0.1695,0.1765,0.027000000000000024,0.018000000000000016,0.007000000000000006
aggr_hu_sum_rate,0.484,0.498,0.49,0.2632,0.2857,0.2857,0.016000000000000014,0.0020000000000000018,0.010000000000000009
fold_to_partner_max,0.239,0.233,0.511,0.6154,0.7647,0.7619,0.261,0.267,0.01100000000000001
fold_post_to_partner_max,0.359,0.361,0.499,0.5333,0.6667,0.6667,0.14100000000000001,0.139,0.0010000000000000009
reraise_partner_rate,0.478,0.479,0.499,0.0742,0.087,0.087,0.02200000000000002,0.02100000000000002,0.0010000000000000009
fold_strongpre_to_partner,0.422,0.402,0.52,0.25,0.3333,0.3333,0.07800000000000001,0.09799999999999998,0.020000000000000018
cojoin_rate,0.53,0.529,0.501,0.0357,0.0328,0.0328,0.030000000000000027,0.029000000000000026,0.0010000000000000009
coleave_rate,0.515,0.521,0.494,0.0333,0.0317,0.0317,0.015000000000000013,0.02100000000000002,0.006000000000000005
hands__min,0.494,0.495,0.499,526.0,531.5,531.0,0.006000000000000005,0.0050000000000000044,0.0010000000000000009
hands__max,0.509,0.507,0.503,714.5,711.0,707.0,0.009000000000000008,0.007000000000000006,0.0030000000000000027
hands__absdiff,0.518,0.514,0.504,157.5,155.0,156.0,0.018000000000000016,0.014000000000000012,0.0040000000000000036
vpip_rate__min,0.593,0.588,0.505,0.2597,0.2414,0.2398,0.09299999999999997,0.08799999999999997,0.0050000000000000044
vpip_rate__max,0.536,0.561,0.476,0.3605,0.3279,0.3447,0.03600000000000003,0.061000000000000054,0.02400000000000002
vpip_rate__absdiff,0.482,0.522,0.461,0.0822,0.0774,0.0929,0.018000000000000016,0.02200000000000002,0.03899999999999998
pfr_rate__min,0.532,0.53,0.501,0.1512,0.1477,0.1473,0.03200000000000003,0.030000000000000027,0.0010000000000000009
pfr_rate__max,0.528,0.548,0.481,0.1992,0.1901,0.192,0.028000000000000025,0.04800000000000004,0.019000000000000017
pfr_rate__absdiff,0.505,0.533,0.473,0.0416,0.0363,0.041,0.0050000000000000044,0.03300000000000003,0.027000000000000024
threebet_rate__min,0.555,0.568,0.486,0.0673,0.0619,0.0628,0.05500000000000005,0.06799999999999995,0.014000000000000012
threebet_rate__max,0.558,0.569,0.487,0.0977,0.0912,0.0922,0.05800000000000005,0.06899999999999995,0.013000000000000012
threebet_rate__absdiff,0.51,0.513,0.497,0.0281,0.0261,0.0262,0.010000000000000009,0.013000000000000012,0.0030000000000000027
af_post__min,0.407,0.406,0.502,1.636,1.8333,1.807,0.09300000000000003,0.09399999999999997,0.0020000000000000018
af_post__max,0.473,0.482,0.491,2.6074,2.653,2.6667,0.027000000000000024,0.018000000000000016,0.009000000000000008
af_post__absdiff,0.528,0.54,0.489,0.8059,0.7078,0.736,0.028000000000000025,0.040000000000000036,0.01100000000000001
afq_post__min,0.443,0.449,0.495,0.2937,0.3029,0.3025,0.056999999999999995,0.05099999999999999,0.0050000000000000044
afq_post__max,0.486,0.494,0.492,0.3653,0.3664,0.3681,0.014000000000000012,0.006000000000000005,0.008000000000000007
afq_post__absdiff,0.532,0.536,0.496,0.063,0.0558,0.0563,0.03200000000000003,0.03600000000000003,0.0040000000000000036
aggr_rate__min,0.517,0.519,0.497,0.1934,0.19,0.1909,0.017000000000000015,0.019000000000000017,0.0030000000000000027
aggr_rate__max,0.533,0.553,0.479,0.2393,0.2306,0.2338,0.03300000000000003,0.05300000000000005,0.02100000000000002
aggr_rate__absdiff,0.52,0.546,0.475,0.0417,0.0348,0.0384,0.020000000000000018,0.04600000000000004,0.025000000000000022
wtsd__min,0.615,0.617,0.498,0.2492,0.2303,0.2308,0.11499999999999999,0.11699999999999999,0.0020000000000000018
wtsd__max,0.585,0.593,0.493,0.2964,0.2837,0.2847,0.08499999999999996,0.09299999999999997,0.007000000000000006
wtsd__absdiff,0.468,0.477,0.492,0.0435,0.0461,0.0475,0.03199999999999997,0.02300000000000002,0.008000000000000007
wsd_won_rate__min,0.437,0.422,0.516,0.4896,0.5152,0.5116,0.063,0.07800000000000001,0.016000000000000014
wsd_won_rate__max,0.484,0.475,0.508,0.6149,0.6286,0.625,0.016000000000000014,0.025000000000000022,0.008000000000000007
wsd_won_rate__absdiff,0.53,0.539,0.491,0.1176,0.0989,0.1006,0.030000000000000027,0.039000000000000035,0.009000000000000008
bb100__min,0.407,0.401,0.505,-59.4807,-38.8218,-39.186,0.09300000000000003,0.09899999999999998,0.0050000000000000044
bb100__max,0.558,0.544,0.516,55.1679,44.2538,40.4232,0.05800000000000005,0.04400000000000004,0.016000000000000014
bb100__absdiff,0.605,0.594,0.515,102.31,77.033,72.4063,0.10499999999999998,0.09399999999999997,0.015000000000000013
fold_to_bet_post__min,0.465,0.459,0.507,0.4528,0.4603,0.4592,0.034999999999999976,0.04099999999999998,0.007000000000000006
fold_to_bet_post__max,0.452,0.454,0.498,0.5333,0.5455,0.5441,0.04799999999999999,0.045999999999999985,0.0020000000000000018
fold_to_bet_post__absdiff,0.471,0.474,0.496,0.0651,0.0742,0.0746,0.029000000000000026,0.026000000000000023,0.0040000000000000036
sd_freq__min,0.629,0.633,0.496,0.0433,0.0355,0.036,0.129,0.133,0.0040000000000000036
sd_freq__max,0.582,0.605,0.48,0.0661,0.0558,0.0579,0.08199999999999996,0.10499999999999998,0.020000000000000018
sd_freq__absdiff,0.514,0.54,0.475,0.0224,0.0181,0.0198,0.014000000000000012,0.040000000000000036,0.025000000000000022
limp_rate__min,0.592,0.587,0.503,0.0453,0.0384,0.0382,0.09199999999999997,0.08699999999999997,0.0030000000000000027
limp_rate__max,0.542,0.564,0.478,0.0798,0.065,0.069,0.04200000000000004,0.06399999999999995,0.02200000000000002
limp_rate__absdiff,0.493,0.525,0.468,0.0279,0.023,0.0279,0.007000000000000006,0.025000000000000022,0.03199999999999997
allin_rate__min,0.615,0.62,0.495,0.0107,0.0089,0.009,0.11499999999999999,0.12,0.0050000000000000044
allin_rate__max,0.592,0.614,0.479,0.0195,0.0156,0.0164,0.09199999999999997,0.11399999999999999,0.02100000000000002
allin_rate__absdiff,0.531,0.553,0.479,0.0071,0.0059,0.0065,0.031000000000000028,0.05300000000000005,0.02100000000000002
weak_vpip_rate__min,0.67,0.666,0.503,0.0561,0.0383,0.0381,0.17000000000000004,0.16600000000000004,0.0030000000000000027
weak_vpip_rate__max,0.569,0.593,0.477,0.1133,0.0889,0.0974,0.06899999999999995,0.09299999999999997,0.02300000000000002
weak_vpip_rate__absdiff,0.501,0.534,0.468,0.0485,0.0429,0.0505,0.0010000000000000009,0.03400000000000003,0.03199999999999997
strong_foldpre_rate__min,0.505,0.497,0.508,0.1145,0.1176,0.1136,0.0050000000000000044,0.0030000000000000027,0.008000000000000007
strong_foldpre_rate__max,0.487,0.486,0.501,0.1897,0.1957,0.1957,0.013000000000000012,0.014000000000000012,0.0010000000000000009
strong_foldpre_rate__absdiff,0.491,0.499,0.492,0.0706,0.0704,0.0718,0.009000000000000008,0.0010000000000000009,0.008000000000000007
vpip_avg_strength__min,0.424,0.399,0.522,0.6978,0.717,0.7088,0.07600000000000001,0.10099999999999998,0.02200000000000002
vpip_avg_strength__max,0.325,0.334,0.491,0.7459,0.7662,0.7677,0.175,0.16599999999999998,0.009000000000000008
vpip_avg_strength__absdiff,0.459,0.497,0.465,0.0462,0.0455,0.0523,0.04099999999999998,0.0030000000000000027,0.034999999999999976
drift_vpip__min,0.495,0.508,0.486,-0.0202,-0.0221,-0.0202,0.0050000000000000044,0.008000000000000007,0.014000000000000012
drift_vpip__max,0.519,0.518,0.501,0.0225,0.0205,0.0198,0.019000000000000017,0.018000000000000016,0.0010000000000000009
drift_vpip__absdiff,0.528,0.516,0.511,0.0386,0.0366,0.0357,0.028000000000000025,0.016000000000000014,0.01100000000000001
drift_pfr__min,0.497,0.501,0.495,-0.0174,-0.0176,-0.0173,0.0030000000000000027,0.0010000000000000009,0.0050000000000000044
drift_pfr__max,0.503,0.501,0.502,0.017,0.0182,0.0173,0.0030000000000000027,0.0010000000000000009,0.0020000000000000018
drift_pfr__absdiff,0.515,0.51,0.505,0.0321,0.0312,0.0306,0.015000000000000013,0.010000000000000009,0.0050000000000000044
drift_aggr__min,0.519,0.515,0.504,-0.015,-0.0165,-0.0172,0.019000000000000017,0.015000000000000013,0.0040000000000000036
drift_aggr__max,0.522,0.52,0.502,0.0182,0.0173,0.0172,0.02200000000000002,0.020000000000000018,0.0020000000000000018
drift_aggr__absdiff,0.516,0.515,0.5,0.0325,0.0316,0.0308,0.016000000000000014,0.015000000000000013,0.0
drift_bb100__min,0.464,0.46,0.503,-90.8993,-81.0086,-77.0657,0.035999999999999976,0.03999999999999998,0.0030000000000000027
drift_bb100__max,0.548,0.556,0.492,101.0556,72.0839,78.3668,0.04800000000000004,0.05600000000000005,0.008000000000000007
drift_bb100__absdiff,0.567,0.577,0.49,179.9213,141.7355,144.1755,0.06699999999999995,0.07699999999999996,0.010000000000000009
tilt_vpip_delta__min,0.554,0.549,0.505,-0.0151,-0.0209,-0.0223,0.05400000000000005,0.049000000000000044,0.0050000000000000044
tilt_vpip_delta__max,0.535,0.532,0.503,0.0285,0.0219,0.0215,0.03500000000000003,0.03200000000000003,0.0030000000000000027
tilt_vpip_delta__absdiff,0.481,0.483,0.498,0.0383,0.0415,0.0417,0.019000000000000017,0.017000000000000015,0.0020000000000000018
tilt_pfr_delta__min,0.52,0.522,0.498,-0.0185,-0.0188,-0.0195,0.020000000000000018,0.02200000000000002,0.0020000000000000018
tilt_pfr_delta__max,0.492,0.477,0.514,0.0177,0.0192,0.0172,0.008000000000000007,0.02300000000000002,0.014000000000000012
tilt_pfr_delta__absdiff,0.472,0.456,0.515,0.0313,0.0371,0.0348,0.028000000000000025,0.043999999999999984,0.015000000000000013
tilt_bb100_delta__min,0.468,0.476,0.49,-88.7796,-75.9883,-74.2054,0.03199999999999997,0.02400000000000002,0.010000000000000009
tilt_bb100_delta__max,0.498,0.497,0.501,74.3373,74.8918,77.3491,0.0020000000000000018,0.0030000000000000027,0.0010000000000000009
tilt_bb100_delta__absdiff,0.529,0.516,0.513,156.909,150.1536,144.9689,0.029000000000000026,0.016000000000000014,0.013000000000000012
bigloss_events__min,0.615,0.62,0.493,9.0,7.0,7.0,0.11499999999999999,0.12,0.007000000000000006
bigloss_events__max,0.576,0.603,0.474,17.0,14.0,14.0,0.07599999999999996,0.10299999999999998,0.026000000000000023
bigloss_events__absdiff,0.516,0.542,0.474,7.0,6.0,6.0,0.016000000000000014,0.04200000000000004,0.026000000000000023
maxdd_bb__min,0.577,0.589,0.488,345.0,287.0,294.9,0.07699999999999996,0.08899999999999997,0.01200000000000001
maxdd_bb__max,0.603,0.626,0.476,670.25,538.875,560.0,0.10299999999999998,0.126,0.02400000000000002
maxdd_bb__absdiff,0.573,0.592,0.481,278.625,213.0,223.75,0.07299999999999995,0.09199999999999997,0.019000000000000017
maxup_bb__min,0.52,0.529,0.492,313.875,304.625,309.6,0.020000000000000018,0.029000000000000026,0.008000000000000007
maxup_bb__max,0.589,0.583,0.506,690.25,610.625,593.0,0.08899999999999997,0.08299999999999996,0.006000000000000005
maxup_bb__absdiff,0.577,0.565,0.514,308.5,247.625,236.5,0.07699999999999996,0.06499999999999995,0.014000000000000012
mean_session_len__min,0.49,0.496,0.495,18.6151,18.4868,18.5909,0.010000000000000009,0.0040000000000000036,0.0050000000000000044
mean_session_len__max,0.473,0.47,0.502,22.9839,23.3806,23.381,0.027000000000000024,0.030000000000000027,0.0020000000000000018
mean_session_len__absdiff,0.482,0.479,0.503,3.9188,4.2157,4.1905,0.018000000000000016,0.02100000000000002,0.0030000000000000027
avg_stack_bb__min,0.491,0.502,0.489,113.4932,113.4645,113.821,0.009000000000000008,0.0020000000000000018,0.01100000000000001
avg_stack_bb__max,0.5,0.492,0.509,125.1342,124.9963,124.7901,0.0,0.008000000000000007,0.009000000000000008
avg_stack_bb__absdiff,0.495,0.477,0.519,9.8279,10.4332,9.8737,0.0050000000000000044,0.02300000000000002,0.019000000000000017
same_experience_hands_bucket,0.485,0.492,0.493,0.0,0.0,0.0,0.015000000000000013,0.008000000000000007,0.007000000000000006
same_preferred_stake,0.508,0.502,0.506,0.0,0.0,0.0,0.008000000000000007,0.0020000000000000018,0.006000000000000005
same_region_bucket,0.496,0.513,0.484,0.0,0.0,0.0,0.0040000000000000036,0.013000000000000012,0.016000000000000014
same_client_family,0.505,0.508,0.497,0.0,0.0,0.0,0.0050000000000000044,0.008000000000000007,0.0030000000000000027
age_gap,0.506,0.5,0.505,715.5,735.5,723.0,0.006000000000000005,0.0,0.0050000000000000044
age_min,0.506,0.521,0.486,738.0,704.0,752.0,0.006000000000000005,0.02100000000000002,0.014000000000000012
