family,feat,auc_vs_neg,auc_vs_unk,d
directed_transfer,shared_hands,0.531,0.523,0.031000000000000028
directed_transfer,copresence_lift,0.505,0.494,0.0050000000000000044
directed_transfer,copresence_min,0.517,0.507,0.017000000000000015
directed_transfer,both_vpip_rate,0.883,0.882,0.383
directed_transfer,both_flop_rate,0.912,0.909,0.41200000000000003
directed_transfer,sd_tog_rate,0.94,0.941,0.43999999999999995
directed_transfer,hu_final_rate,0.87,0.872,0.37
directed_transfer,hu_flop_rate,0.924,0.923,0.42400000000000004
directed_transfer,checkdown_share_of_huflop,0.489,0.493,0.01100000000000001
directed_transfer,both_aggr_rate,0.821,0.817,0.32099999999999995
directed_transfer,abs_net_flow_per100,0.925,0.927,0.42500000000000004
directed_transfer,abs_net_flow_hu_per100,0.936,0.935,0.43600000000000005
directed_transfer,gross_flow_per100,0.961,0.961,0.46099999999999997
directed_transfer,flow_asym,0.695,0.7,0.19499999999999995
directed_transfer,seat_adjacent_rate,0.524,0.515,0.02400000000000002
directed_transfer,aggr_v_min_rate,0.555,0.556,0.05500000000000005
directed_transfer,aggr_toward_minus_others_min,0.515,0.518,0.015000000000000013
directed_transfer,aggr_hu_min_rate,0.615,0.608,0.11499999999999999
directed_transfer,aggr_hu_sum_rate,0.85,0.845,0.35
directed_transfer,fold_to_partner_max,0.103,0.105,0.397
directed_transfer,fold_post_to_partner_max,0.168,0.168,0.33199999999999996
directed_transfer,reraise_partner_rate,0.455,0.454,0.044999999999999984
directed_transfer,fold_strongpre_to_partner,0.44,0.46,0.06
directed_transfer,cojoin_rate,0.538,0.538,0.038000000000000034
directed_transfer,coleave_rate,0.539,0.532,0.039000000000000035
directed_transfer,hands__min,0.525,0.523,0.025000000000000022
directed_transfer,hands__max,0.51,0.513,0.010000000000000009
directed_transfer,hands__absdiff,0.501,0.505,0.0010000000000000009
directed_transfer,vpip_rate__min,0.575,0.58,0.07499999999999996
directed_transfer,vpip_rate__max,0.559,0.534,0.05900000000000005
directed_transfer,vpip_rate__absdiff,0.531,0.492,0.031000000000000028
directed_transfer,pfr_rate__min,0.569,0.571,0.06899999999999995
directed_transfer,pfr_rate__max,0.586,0.567,0.08599999999999997
directed_transfer,pfr_rate__absdiff,0.541,0.512,0.041000000000000036
directed_transfer,threebet_rate__min,0.571,0.558,0.07099999999999995
directed_transfer,threebet_rate__max,0.568,0.556,0.06799999999999995
directed_transfer,threebet_rate__absdiff,0.504,0.501,0.0040000000000000036
directed_transfer,af_post__min,0.364,0.364,0.136
directed_transfer,af_post__max,0.518,0.509,0.018000000000000016
directed_transfer,af_post__absdiff,0.591,0.578,0.09099999999999997
directed_transfer,afq_post__min,0.504,0.498,0.0040000000000000036
directed_transfer,afq_post__max,0.611,0.604,0.11099999999999999
directed_transfer,afq_post__absdiff,0.583,0.579,0.08299999999999996
directed_transfer,aggr_rate__min,0.574,0.571,0.07399999999999995
directed_transfer,aggr_rate__max,0.638,0.62,0.138
directed_transfer,aggr_rate__absdiff,0.578,0.553,0.07799999999999996
directed_transfer,wtsd__min,0.67,0.668,0.17000000000000004
directed_transfer,wtsd__max,0.657,0.65,0.15700000000000003
directed_transfer,wtsd__absdiff,0.482,0.473,0.018000000000000016
directed_transfer,wsd_won_rate__min,0.367,0.383,0.133
directed_transfer,wsd_won_rate__max,0.531,0.54,0.031000000000000028
directed_transfer,wsd_won_rate__absdiff,0.632,0.624,0.132
directed_transfer,bb100__min,0.313,0.319,0.187
directed_transfer,bb100__max,0.647,0.659,0.14700000000000002
directed_transfer,bb100__absdiff,0.734,0.74,0.23399999999999999
directed_transfer,fold_to_bet_post__min,0.382,0.388,0.118
directed_transfer,fold_to_bet_post__max,0.376,0.373,0.124
directed_transfer,fold_to_bet_post__absdiff,0.461,0.458,0.03899999999999998
directed_transfer,sd_freq__min,0.67,0.667,0.17000000000000004
directed_transfer,sd_freq__max,0.626,0.603,0.126
directed_transfer,sd_freq__absdiff,0.543,0.517,0.04300000000000004
directed_transfer,limp_rate__min,0.463,0.466,0.03699999999999998
directed_transfer,limp_rate__max,0.503,0.48,0.0030000000000000027
directed_transfer,limp_rate__absdiff,0.515,0.483,0.015000000000000013
directed_transfer,allin_rate__min,0.713,0.708,0.21299999999999997
directed_transfer,allin_rate__max,0.689,0.669,0.18899999999999995
directed_transfer,allin_rate__absdiff,0.574,0.552,0.07399999999999995
directed_transfer,weak_vpip_rate__min,0.677,0.682,0.17700000000000005
directed_transfer,weak_vpip_rate__max,0.617,0.592,0.11699999999999999
directed_transfer,weak_vpip_rate__absdiff,0.554,0.52,0.05400000000000005
directed_transfer,strong_foldpre_rate__min,0.514,0.524,0.014000000000000012
directed_transfer,strong_foldpre_rate__max,0.527,0.527,0.027000000000000024
directed_transfer,strong_foldpre_rate__absdiff,0.523,0.515,0.02300000000000002
directed_transfer,vpip_avg_strength__min,0.382,0.406,0.118
directed_transfer,vpip_avg_strength__max,0.334,0.325,0.16599999999999998
directed_transfer,vpip_avg_strength__absdiff,0.517,0.479,0.017000000000000015
directed_transfer,drift_vpip__min,0.495,0.481,0.0050000000000000044
directed_transfer,drift_vpip__max,0.509,0.511,0.009000000000000008
directed_transfer,drift_vpip__absdiff,0.517,0.527,0.017000000000000015
directed_transfer,drift_pfr__min,0.495,0.491,0.0050000000000000044
directed_transfer,drift_pfr__max,0.54,0.543,0.040000000000000036
directed_transfer,drift_pfr__absdiff,0.548,0.552,0.04800000000000004
directed_transfer,drift_aggr__min,0.504,0.508,0.0040000000000000036
directed_transfer,drift_aggr__max,0.566,0.568,0.06599999999999995
directed_transfer,drift_aggr__absdiff,0.565,0.565,0.06499999999999995
directed_transfer,drift_bb100__min,0.423,0.427,0.07700000000000001
directed_transfer,drift_bb100__max,0.588,0.579,0.08799999999999997
directed_transfer,drift_bb100__absdiff,0.62,0.61,0.12
directed_transfer,tilt_vpip_delta__min,0.619,0.624,0.119
directed_transfer,tilt_vpip_delta__max,0.584,0.586,0.08399999999999996
directed_transfer,tilt_vpip_delta__absdiff,0.458,0.456,0.04199999999999998
directed_transfer,tilt_pfr_delta__min,0.578,0.575,0.07799999999999996
directed_transfer,tilt_pfr_delta__max,0.51,0.525,0.010000000000000009
directed_transfer,tilt_pfr_delta__absdiff,0.433,0.448,0.067
directed_transfer,tilt_bb100_delta__min,0.419,0.41,0.08100000000000002
directed_transfer,tilt_bb100_delta__max,0.503,0.504,0.0030000000000000027
directed_transfer,tilt_bb100_delta__absdiff,0.564,0.577,0.06399999999999995
directed_transfer,bigloss_events__min,0.691,0.687,0.19099999999999995
directed_transfer,bigloss_events__max,0.671,0.642,0.17100000000000004
directed_transfer,bigloss_events__absdiff,0.562,0.535,0.062000000000000055
directed_transfer,maxdd_bb__min,0.614,0.603,0.11399999999999999
directed_transfer,maxdd_bb__max,0.725,0.704,0.22499999999999998
directed_transfer,maxdd_bb__absdiff,0.685,0.666,0.18500000000000005
directed_transfer,maxup_bb__min,0.567,0.558,0.06699999999999995
directed_transfer,maxup_bb__max,0.697,0.703,0.19699999999999995
directed_transfer,maxup_bb__absdiff,0.667,0.678,0.16700000000000004
directed_transfer,mean_session_len__min,0.495,0.489,0.0050000000000000044
directed_transfer,mean_session_len__max,0.47,0.473,0.030000000000000027
directed_transfer,mean_session_len__absdiff,0.483,0.487,0.017000000000000015
directed_transfer,avg_stack_bb__min,0.482,0.471,0.018000000000000016
directed_transfer,avg_stack_bb__max,0.509,0.517,0.009000000000000008
directed_transfer,avg_stack_bb__absdiff,0.51,0.526,0.010000000000000009
directed_transfer,same_experience_hands_bucket,0.466,0.458,0.033999999999999975
directed_transfer,same_preferred_stake,0.515,0.521,0.015000000000000013
directed_transfer,same_region_bucket,0.526,0.51,0.026000000000000023
directed_transfer,same_client_family,0.502,0.499,0.0020000000000000018
directed_transfer,age_gap,0.499,0.504,0.0010000000000000009
directed_transfer,age_min,0.514,0.5,0.014000000000000012
soft_play,shared_hands,0.498,0.491,0.0020000000000000018
soft_play,copresence_lift,0.538,0.528,0.038000000000000034
soft_play,copresence_min,0.521,0.512,0.02100000000000002
soft_play,both_vpip_rate,0.913,0.914,0.41300000000000003
soft_play,both_flop_rate,0.952,0.952,0.45199999999999996
soft_play,sd_tog_rate,0.918,0.92,0.41800000000000004
soft_play,hu_final_rate,0.708,0.708,0.20799999999999996
soft_play,hu_flop_rate,0.84,0.836,0.33999999999999997
soft_play,checkdown_share_of_huflop,0.766,0.772,0.266
soft_play,both_aggr_rate,0.438,0.428,0.062
soft_play,abs_net_flow_per100,0.583,0.584,0.08299999999999996
soft_play,abs_net_flow_hu_per100,0.513,0.508,0.013000000000000012
soft_play,gross_flow_per100,0.686,0.684,0.18600000000000005
soft_play,flow_asym,0.41,0.413,0.09000000000000002
soft_play,seat_adjacent_rate,0.532,0.522,0.03200000000000003
soft_play,aggr_v_min_rate,0.154,0.149,0.346
soft_play,aggr_toward_minus_others_min,0.118,0.117,0.382
soft_play,aggr_hu_min_rate,0.347,0.335,0.15300000000000002
soft_play,aggr_hu_sum_rate,0.198,0.176,0.302
soft_play,fold_to_partner_max,0.344,0.352,0.15600000000000003
soft_play,fold_post_to_partner_max,0.514,0.509,0.014000000000000012
soft_play,reraise_partner_rate,0.196,0.195,0.304
soft_play,fold_strongpre_to_partner,0.313,0.328,0.187
soft_play,cojoin_rate,0.525,0.526,0.025000000000000022
soft_play,coleave_rate,0.483,0.477,0.017000000000000015
soft_play,hands__min,0.457,0.455,0.04299999999999998
soft_play,hands__max,0.479,0.481,0.02100000000000002
soft_play,hands__absdiff,0.52,0.524,0.020000000000000018
soft_play,vpip_rate__min,0.63,0.634,0.13
soft_play,vpip_rate__max,0.572,0.545,0.07199999999999995
soft_play,vpip_rate__absdiff,0.503,0.463,0.0030000000000000027
soft_play,pfr_rate__min,0.41,0.412,0.09000000000000002
soft_play,pfr_rate__max,0.45,0.431,0.04999999999999999
soft_play,pfr_rate__absdiff,0.525,0.498,0.025000000000000022
soft_play,threebet_rate__min,0.443,0.43,0.056999999999999995
soft_play,threebet_rate__max,0.465,0.454,0.034999999999999976
soft_play,threebet_rate__absdiff,0.499,0.496,0.0010000000000000009
soft_play,af_post__min,0.396,0.397,0.10399999999999998
soft_play,af_post__max,0.431,0.422,0.069
soft_play,af_post__absdiff,0.505,0.493,0.0050000000000000044
soft_play,afq_post__min,0.35,0.344,0.15000000000000002
soft_play,afq_post__max,0.345,0.336,0.15500000000000003
soft_play,afq_post__absdiff,0.484,0.48,0.016000000000000014
soft_play,aggr_rate__min,0.396,0.393,0.10399999999999998
soft_play,aggr_rate__max,0.427,0.405,0.07300000000000001
soft_play,aggr_rate__absdiff,0.536,0.509,0.03600000000000003
soft_play,wtsd__min,0.613,0.611,0.11299999999999999
soft_play,wtsd__max,0.562,0.554,0.062000000000000055
soft_play,wtsd__absdiff,0.456,0.447,0.043999999999999984
soft_play,wsd_won_rate__min,0.457,0.472,0.04299999999999998
soft_play,wsd_won_rate__max,0.429,0.439,0.07100000000000001
soft_play,wsd_won_rate__absdiff,0.483,0.472,0.017000000000000015
soft_play,bb100__min,0.469,0.474,0.031000000000000028
soft_play,bb100__max,0.513,0.529,0.013000000000000012
soft_play,bb100__absdiff,0.528,0.542,0.028000000000000025
soft_play,fold_to_bet_post__min,0.536,0.542,0.03600000000000003
soft_play,fold_to_bet_post__max,0.516,0.514,0.016000000000000014
soft_play,fold_to_bet_post__absdiff,0.47,0.466,0.030000000000000027
soft_play,sd_freq__min,0.673,0.668,0.17300000000000004
soft_play,sd_freq__max,0.635,0.612,0.135
soft_play,sd_freq__absdiff,0.55,0.524,0.050000000000000044
soft_play,limp_rate__min,0.827,0.834,0.32699999999999996
soft_play,limp_rate__max,0.682,0.658,0.18200000000000005
soft_play,limp_rate__absdiff,0.536,0.502,0.03600000000000003
soft_play,allin_rate__min,0.559,0.552,0.05900000000000005
soft_play,allin_rate__max,0.552,0.53,0.052000000000000046
soft_play,allin_rate__absdiff,0.525,0.504,0.025000000000000022
soft_play,weak_vpip_rate__min,0.617,0.621,0.11699999999999999
soft_play,weak_vpip_rate__max,0.565,0.541,0.06499999999999995
soft_play,weak_vpip_rate__absdiff,0.526,0.492,0.026000000000000023
soft_play,strong_foldpre_rate__min,0.446,0.453,0.05399999999999999
soft_play,strong_foldpre_rate__max,0.405,0.407,0.09499999999999997
soft_play,strong_foldpre_rate__absdiff,0.463,0.455,0.03699999999999998
soft_play,vpip_avg_strength__min,0.421,0.447,0.07900000000000001
soft_play,vpip_avg_strength__max,0.354,0.344,0.14600000000000002
soft_play,vpip_avg_strength__absdiff,0.489,0.45,0.01100000000000001
soft_play,drift_vpip__min,0.527,0.514,0.027000000000000024
soft_play,drift_vpip__max,0.544,0.545,0.04400000000000004
soft_play,drift_vpip__absdiff,0.523,0.536,0.02300000000000002
soft_play,drift_pfr__min,0.517,0.511,0.017000000000000015
soft_play,drift_pfr__max,0.462,0.465,0.03799999999999998
soft_play,drift_pfr__absdiff,0.459,0.464,0.04099999999999998
soft_play,drift_aggr__min,0.514,0.517,0.014000000000000012
soft_play,drift_aggr__max,0.469,0.472,0.031000000000000028
soft_play,drift_aggr__absdiff,0.464,0.465,0.035999999999999976
soft_play,drift_bb100__min,0.495,0.499,0.0050000000000000044
soft_play,drift_bb100__max,0.568,0.56,0.06799999999999995
soft_play,drift_bb100__absdiff,0.565,0.554,0.06499999999999995
soft_play,tilt_vpip_delta__min,0.533,0.538,0.03300000000000003
soft_play,tilt_vpip_delta__max,0.5,0.502,0.0
soft_play,tilt_vpip_delta__absdiff,0.478,0.477,0.02200000000000002
soft_play,tilt_pfr_delta__min,0.47,0.469,0.030000000000000027
soft_play,tilt_pfr_delta__max,0.441,0.457,0.059
soft_play,tilt_pfr_delta__absdiff,0.471,0.487,0.029000000000000026
soft_play,tilt_bb100_delta__min,0.48,0.472,0.020000000000000018
soft_play,tilt_bb100_delta__max,0.482,0.483,0.018000000000000016
soft_play,tilt_bb100_delta__absdiff,0.498,0.512,0.0020000000000000018
soft_play,bigloss_events__min,0.551,0.544,0.051000000000000045
soft_play,bigloss_events__max,0.537,0.51,0.03700000000000003
soft_play,bigloss_events__absdiff,0.517,0.49,0.017000000000000015
soft_play,maxdd_bb__min,0.549,0.536,0.049000000000000044
soft_play,maxdd_bb__max,0.545,0.521,0.04500000000000004
soft_play,maxdd_bb__absdiff,0.522,0.504,0.02200000000000002
soft_play,maxup_bb__min,0.521,0.512,0.02100000000000002
soft_play,maxup_bb__max,0.524,0.53,0.02400000000000002
soft_play,maxup_bb__absdiff,0.506,0.519,0.006000000000000005
soft_play,mean_session_len__min,0.463,0.457,0.03699999999999998
soft_play,mean_session_len__max,0.459,0.462,0.04099999999999998
soft_play,mean_session_len__absdiff,0.506,0.509,0.006000000000000005
soft_play,avg_stack_bb__min,0.528,0.517,0.028000000000000025
soft_play,avg_stack_bb__max,0.476,0.484,0.02400000000000002
soft_play,avg_stack_bb__absdiff,0.437,0.455,0.063
soft_play,same_experience_hands_bucket,0.489,0.482,0.01100000000000001
soft_play,same_preferred_stake,0.491,0.497,0.009000000000000008
soft_play,same_region_bucket,0.49,0.473,0.010000000000000009
soft_play,same_client_family,0.514,0.512,0.014000000000000012
soft_play,age_gap,0.533,0.539,0.03300000000000003
soft_play,age_min,0.506,0.491,0.006000000000000005
coordinated_isolation,shared_hands,0.539,0.531,0.039000000000000035
coordinated_isolation,copresence_lift,0.509,0.498,0.009000000000000008
coordinated_isolation,copresence_min,0.537,0.526,0.03700000000000003
coordinated_isolation,both_vpip_rate,0.836,0.834,0.33599999999999997
coordinated_isolation,both_flop_rate,0.585,0.572,0.08499999999999996
coordinated_isolation,sd_tog_rate,0.631,0.629,0.131
coordinated_isolation,hu_final_rate,0.805,0.806,0.30500000000000005
coordinated_isolation,hu_flop_rate,0.608,0.597,0.10799999999999998
coordinated_isolation,checkdown_share_of_huflop,0.58,0.583,0.07999999999999996
coordinated_isolation,both_aggr_rate,0.957,0.955,0.45699999999999996
coordinated_isolation,abs_net_flow_per100,0.637,0.64,0.137
coordinated_isolation,abs_net_flow_hu_per100,0.629,0.625,0.129
coordinated_isolation,gross_flow_per100,0.733,0.733,0.23299999999999998
coordinated_isolation,flow_asym,0.433,0.437,0.067
coordinated_isolation,seat_adjacent_rate,0.522,0.511,0.02200000000000002
coordinated_isolation,aggr_v_min_rate,0.959,0.959,0.45899999999999996
coordinated_isolation,aggr_toward_minus_others_min,0.976,0.977,0.476
coordinated_isolation,aggr_hu_min_rate,0.461,0.452,0.03899999999999998
coordinated_isolation,aggr_hu_sum_rate,0.36,0.347,0.14
coordinated_isolation,fold_to_partner_max,0.284,0.292,0.21600000000000003
coordinated_isolation,fold_post_to_partner_max,0.453,0.452,0.046999999999999986
coordinated_isolation,reraise_partner_rate,0.925,0.926,0.42500000000000004
coordinated_isolation,fold_strongpre_to_partner,0.465,0.49,0.034999999999999976
coordinated_isolation,cojoin_rate,0.521,0.522,0.02100000000000002
coordinated_isolation,coleave_rate,0.548,0.541,0.04800000000000004
coordinated_isolation,hands__min,0.502,0.502,0.0020000000000000018
coordinated_isolation,hands__max,0.541,0.542,0.041000000000000036
coordinated_isolation,hands__absdiff,0.526,0.529,0.026000000000000023
coordinated_isolation,vpip_rate__min,0.549,0.554,0.049000000000000044
coordinated_isolation,vpip_rate__max,0.551,0.526,0.051000000000000045
coordinated_isolation,vpip_rate__absdiff,0.534,0.495,0.03400000000000003
coordinated_isolation,pfr_rate__min,0.639,0.641,0.139
coordinated_isolation,pfr_rate__max,0.627,0.606,0.127
coordinated_isolation,pfr_rate__absdiff,0.533,0.503,0.03300000000000003
coordinated_isolation,threebet_rate__min,0.742,0.729,0.242
coordinated_isolation,threebet_rate__max,0.72,0.709,0.21999999999999997
coordinated_isolation,threebet_rate__absdiff,0.547,0.544,0.04700000000000004
coordinated_isolation,af_post__min,0.488,0.491,0.01200000000000001
coordinated_isolation,af_post__max,0.497,0.488,0.0030000000000000027
coordinated_isolation,af_post__absdiff,0.509,0.499,0.009000000000000008
coordinated_isolation,afq_post__min,0.501,0.495,0.0010000000000000009
coordinated_isolation,afq_post__max,0.52,0.512,0.020000000000000018
coordinated_isolation,afq_post__absdiff,0.535,0.532,0.03500000000000003
coordinated_isolation,aggr_rate__min,0.609,0.607,0.10899999999999999
coordinated_isolation,aggr_rate__max,0.597,0.577,0.09699999999999998
coordinated_isolation,aggr_rate__absdiff,0.51,0.483,0.010000000000000009
coordinated_isolation,wtsd__min,0.537,0.535,0.03700000000000003
coordinated_isolation,wtsd__max,0.533,0.527,0.03300000000000003
coordinated_isolation,wtsd__absdiff,0.498,0.49,0.0020000000000000018
coordinated_isolation,wsd_won_rate__min,0.46,0.475,0.03999999999999998
coordinated_isolation,wsd_won_rate__max,0.451,0.46,0.04899999999999999
coordinated_isolation,wsd_won_rate__absdiff,0.469,0.46,0.031000000000000028
coordinated_isolation,bb100__min,0.445,0.451,0.05499999999999999
coordinated_isolation,bb100__max,0.423,0.439,0.07700000000000001
coordinated_isolation,bb100__absdiff,0.465,0.48,0.034999999999999976
coordinated_isolation,fold_to_bet_post__min,0.472,0.479,0.028000000000000025
coordinated_isolation,fold_to_bet_post__max,0.49,0.488,0.010000000000000009
coordinated_isolation,fold_to_bet_post__absdiff,0.502,0.498,0.0020000000000000018
coordinated_isolation,sd_freq__min,0.514,0.511,0.014000000000000012
coordinated_isolation,sd_freq__max,0.526,0.507,0.026000000000000023
coordinated_isolation,sd_freq__absdiff,0.519,0.493,0.019000000000000017
coordinated_isolation,limp_rate__min,0.444,0.447,0.055999999999999994
coordinated_isolation,limp_rate__max,0.494,0.472,0.006000000000000005
coordinated_isolation,limp_rate__absdiff,0.525,0.494,0.025000000000000022
coordinated_isolation,allin_rate__min,0.56,0.554,0.06000000000000005
coordinated_isolation,allin_rate__max,0.581,0.559,0.08099999999999996
coordinated_isolation,allin_rate__absdiff,0.56,0.536,0.06000000000000005
coordinated_isolation,weak_vpip_rate__min,0.717,0.722,0.21699999999999997
coordinated_isolation,weak_vpip_rate__max,0.596,0.571,0.09599999999999997
coordinated_isolation,weak_vpip_rate__absdiff,0.516,0.483,0.016000000000000014
coordinated_isolation,strong_foldpre_rate__min,0.541,0.549,0.041000000000000036
coordinated_isolation,strong_foldpre_rate__max,0.538,0.538,0.038000000000000034
coordinated_isolation,strong_foldpre_rate__absdiff,0.511,0.503,0.01100000000000001
coordinated_isolation,vpip_avg_strength__min,0.396,0.421,0.10399999999999998
coordinated_isolation,vpip_avg_strength__max,0.307,0.297,0.193
coordinated_isolation,vpip_avg_strength__absdiff,0.477,0.439,0.02300000000000002
coordinated_isolation,drift_vpip__min,0.503,0.491,0.0030000000000000027
coordinated_isolation,drift_vpip__max,0.497,0.497,0.0030000000000000027
coordinated_isolation,drift_vpip__absdiff,0.505,0.516,0.0050000000000000044
coordinated_isolation,drift_pfr__min,0.489,0.485,0.01100000000000001
coordinated_isolation,drift_pfr__max,0.493,0.494,0.007000000000000006
coordinated_isolation,drift_pfr__absdiff,0.523,0.528,0.02300000000000002
coordinated_isolation,drift_aggr__min,0.533,0.537,0.03300000000000003
coordinated_isolation,drift_aggr__max,0.518,0.521,0.018000000000000016
coordinated_isolation,drift_aggr__absdiff,0.509,0.51,0.009000000000000008
coordinated_isolation,drift_bb100__min,0.469,0.473,0.031000000000000028
coordinated_isolation,drift_bb100__max,0.489,0.483,0.01100000000000001
coordinated_isolation,drift_bb100__absdiff,0.525,0.515,0.025000000000000022
coordinated_isolation,tilt_vpip_delta__min,0.459,0.463,0.04099999999999998
coordinated_isolation,tilt_vpip_delta__max,0.495,0.498,0.0050000000000000044
coordinated_isolation,tilt_vpip_delta__absdiff,0.531,0.529,0.031000000000000028
coordinated_isolation,tilt_pfr_delta__min,0.506,0.504,0.006000000000000005
coordinated_isolation,tilt_pfr_delta__max,0.474,0.49,0.026000000000000023
coordinated_isolation,tilt_pfr_delta__absdiff,0.472,0.487,0.028000000000000025
coordinated_isolation,tilt_bb100_delta__min,0.564,0.555,0.06399999999999995
coordinated_isolation,tilt_bb100_delta__max,0.51,0.51,0.010000000000000009
coordinated_isolation,tilt_bb100_delta__absdiff,0.465,0.478,0.034999999999999976
coordinated_isolation,bigloss_events__min,0.606,0.6,0.10599999999999998
coordinated_isolation,bigloss_events__max,0.589,0.564,0.08899999999999997
coordinated_isolation,bigloss_events__absdiff,0.547,0.522,0.04700000000000004
coordinated_isolation,maxdd_bb__min,0.605,0.593,0.10499999999999998
coordinated_isolation,maxdd_bb__max,0.583,0.559,0.08299999999999996
coordinated_isolation,maxdd_bb__absdiff,0.543,0.523,0.04300000000000004
coordinated_isolation,maxup_bb__min,0.48,0.471,0.020000000000000018
coordinated_isolation,maxup_bb__max,0.486,0.491,0.014000000000000012
coordinated_isolation,maxup_bb__absdiff,0.484,0.497,0.016000000000000014
coordinated_isolation,mean_session_len__min,0.546,0.539,0.04600000000000004
coordinated_isolation,mean_session_len__max,0.485,0.488,0.015000000000000013
coordinated_isolation,mean_session_len__absdiff,0.433,0.436,0.067
coordinated_isolation,avg_stack_bb__min,0.497,0.487,0.0030000000000000027
coordinated_isolation,avg_stack_bb__max,0.488,0.496,0.01200000000000001
coordinated_isolation,avg_stack_bb__absdiff,0.483,0.503,0.017000000000000015
coordinated_isolation,same_experience_hands_bucket,0.538,0.531,0.038000000000000034
coordinated_isolation,same_preferred_stake,0.498,0.504,0.0020000000000000018
coordinated_isolation,same_region_bucket,0.524,0.508,0.02400000000000002
coordinated_isolation,same_client_family,0.507,0.504,0.007000000000000006
coordinated_isolation,age_gap,0.455,0.461,0.044999999999999984
coordinated_isolation,age_min,0.552,0.537,0.052000000000000046
